Travel Frequency,Employee Number,Involvement Rating,Level,Position,Job Satisfaction Rating,Over Time Employee,Performance Rating,Years at Company,Years in Current Role
Travel_Rarely,1,3,2,Sales Executive,4,Yes,3,6,4
Travel_Frequently,2,2,2,Research Scientist,2,No,4,10,7
Travel_Rarely,4,2,1,Laboratory Technician,3,Yes,3,0,0
Travel_Frequently,5,3,1,Research Scientist,3,Yes,3,8,7
Travel_Rarely,7,3,1,Laboratory Technician,2,No,3,2,2
Travel_Frequently,8,3,1,Laboratory Technician,4,No,3,7,7
Travel_Rarely,10,4,1,Laboratory Technician,1,Yes,4,1,0
Travel_Rarely,11,3,1,Laboratory Technician,3,No,4,1,0
Travel_Frequently,12,2,3,Manufacturing Director,3,No,4,9,7
Travel_Rarely,13,3,2,Healthcare Representative,3,No,3,7,7
Travel_Rarely,14,4,1,Laboratory Technician,2,No,3,5,4
Travel_Rarely,15,2,2,Laboratory Technician,3,Yes,3,9,5
Travel_Rarely,16,3,1,Research Scientist,3,No,3,5,2
Travel_Rarely,18,3,1,Laboratory Technician,4,No,3,2,2
Travel_Rarely,19,2,1,Laboratory Technician,3,Yes,3,4,2
Travel_Rarely,20,4,3,Manufacturing Director,1,No,3,10,9
Travel_Rarely,21,4,1,Research Scientist,2,Yes,3,6,2
Travel_Rarely,23,2,4,Manager,4,No,3,25,8
Travel_Rarely,24,3,1,Research Scientist,4,Yes,3,3,2
Travel_Rarely,27,2,1,Sales Representative,1,No,4,5,3
Travel_Rarely,28,3,3,Research Director,2,No,3,12,6
Travel_Rarely,30,3,1,Research Scientist,4,No,3,0,0
Travel_Rarely,31,3,1,Research Scientist,1,No,3,4,2
Travel_Rarely,32,3,5,Manager,3,No,3,14,13
Travel_Frequently,33,1,1,Research Scientist,1,Yes,4,10,2
Travel_Rarely,35,3,2,Sales Executive,2,No,3,9,7
Travel_Rarely,36,2,3,Healthcare Representative,4,No,3,22,6
Travel_Rarely,38,3,5,Manager,1,No,3,2,2
Travel_Rarely,39,3,1,Laboratory Technician,4,No,3,1,1
Travel_Rarely,40,3,2,Healthcare Representative,4,Yes,3,4,2
Travel_Rarely,41,2,1,Laboratory Technician,3,No,3,10,0
Travel_Rarely,42,3,2,Sales Representative,4,No,3,1,0
Travel_Rarely,45,3,1,Research Scientist,4,Yes,3,2,0
Travel_Rarely,46,4,1,Research Scientist,3,No,3,5,3
Travel_Rarely,47,2,1,Sales Representative,3,Yes,3,3,2
Travel_Rarely,49,3,1,Sales Representative,4,No,3,2,2
Travel_Rarely,51,2,1,Research Scientist,1,Yes,3,1,1
Travel_Frequently,52,4,2,Sales Executive,1,No,3,5,3
Travel_Rarely,53,3,1,Laboratory Technician,4,No,3,1,0
Travel_Rarely,54,3,1,Laboratory Technician,1,No,3,1,0
Travel_Rarely,55,1,1,Laboratory Technician,3,No,3,1,0
Travel_Frequently,56,3,3,Sales Executive,3,No,3,9,8
Travel_Frequently,57,3,2,Laboratory Technician,4,No,4,12,8
Travel_Rarely,58,3,5,Research Director,3,No,3,22,15
Travel_Rarely,61,3,1,Research Scientist,2,No,4,1,0
Travel_Frequently,62,3,2,Sales Executive,4,Yes,4,9,6
Travel_Rarely,63,4,1,Laboratory Technician,4,No,3,1,0
Travel_Rarely,64,2,3,Laboratory Technician,3,Yes,3,1,0
Travel_Rarely,65,3,1,Laboratory Technician,3,Yes,3,2,2
Travel_Rarely,68,3,2,Sales Executive,1,Yes,4,4,3
Travel_Rarely,72,2,2,Sales Executive,4,Yes,3,2,2
Travel_Frequently,73,3,3,Research Director,4,Yes,3,15,14
Travel_Frequently,74,3,3,Sales Executive,1,No,4,9,8
Travel_Rarely,75,3,1,Laboratory Technician,1,Yes,3,2,2
Travel_Rarely,76,3,2,Laboratory Technician,4,No,4,7,7
Travel_Rarely,77,2,2,Manufacturing Director,3,No,3,7,5
Travel_Rarely,78,3,2,Manufacturing Director,4,Yes,4,9,8
Travel_Frequently,79,3,2,Laboratory Technician,4,No,3,10,3
Travel_Rarely,80,2,5,Research Director,3,Yes,3,27,3
Travel_Rarely,81,3,3,Sales Executive,1,No,3,21,16
Travel_Rarely,83,3,3,Healthcare Representative,3,No,3,17,14
Travel_Rarely,84,3,4,Manager,3,Yes,3,5,0
Travel_Frequently,85,2,2,Manufacturing Director,2,No,3,6,5
Travel_Rarely,86,3,3,Research Scientist,1,No,3,1,0
Travel_Frequently,88,3,1,Research Scientist,1,No,3,3,2
Travel_Rarely,90,2,1,Research Scientist,3,Yes,3,1,0
Travel_Frequently,91,2,2,Sales Executive,3,No,3,4,3
Travel_Rarely,94,3,1,Research Scientist,2,No,4,5,4
Travel_Rarely,95,3,1,Research Scientist,2,No,3,1,1
Travel_Rarely,96,3,2,Research Scientist,2,No,3,10,4
Travel_Rarely,97,4,1,Laboratory Technician,4,No,3,1,0
Travel_Rarely,98,3,2,Manufacturing Director,4,No,4,11,7
Travel_Rarely,100,2,2,Sales Executive,1,No,3,15,13
Travel_Rarely,101,3,3,Research Director,1,Yes,3,0,0
Travel_Rarely,102,3,3,Research Director,3,No,3,5,2
Travel_Rarely,103,3,2,Human Resources,2,Yes,4,4,2
Travel_Rarely,104,2,2,Laboratory Technician,4,Yes,3,10,8
Travel_Rarely,105,2,1,Research Scientist,3,No,3,6,4
Travel_Rarely,106,3,3,Sales Executive,4,No,3,1,0
Travel_Rarely,110,3,2,Manufacturing Director,2,No,3,5,2
Travel_Rarely,112,1,3,Manufacturing Director,4,No,3,6,4
Travel_Rarely,113,3,1,Sales Representative,1,No,3,0,0
Travel_Rarely,116,3,1,Laboratory Technician,4,No,4,4,2
Travel_Rarely,117,2,2,Healthcare Representative,4,No,3,11,10
Travel_Rarely,118,2,3,Sales Executive,4,No,3,9,8
Travel_Frequently,119,2,4,Healthcare Representative,2,No,4,22,3
Travel_Rarely,120,3,2,Sales Executive,4,Yes,4,10,7
Travel_Rarely,121,2,2,Sales Executive,2,Yes,3,11,8
Travel_Frequently,124,2,3,Healthcare Representative,1,Yes,3,10,9
Travel_Rarely,125,3,2,Sales Executive,3,No,3,11,8
Travel_Rarely,126,3,3,Research Director,3,No,3,4,3
Travel_Rarely,128,3,2,Sales Executive,3,No,4,3,2
Travel_Rarely,131,3,4,Sales Executive,3,No,3,37,10
Travel_Rarely,133,3,1,Human Resources,1,Yes,4,3,2
Travel_Rarely,134,3,1,Research Scientist,1,No,3,1,0
Travel_Frequently,137,2,1,Laboratory Technician,4,Yes,3,1,0
Travel_Rarely,138,3,2,Research Scientist,3,No,3,16,13
Travel_Frequently,141,3,5,Research Director,2,Yes,3,8,3
Travel_Rarely,142,2,2,Sales Executive,3,Yes,3,6,4
Travel_Rarely,143,2,1,Research Scientist,4,No,3,2,2
Travel_Rarely,144,3,1,Laboratory Technician,4,No,3,0,0
Travel_Frequently,145,2,3,Healthcare Representative,1,No,4,13,12
Travel_Frequently,147,1,2,Laboratory Technician,3,Yes,4,9,7
Travel_Rarely,150,3,1,Laboratory Technician,3,No,3,5,3
Travel_Rarely,151,2,2,Research Scientist,2,No,3,1,0
Travel_Rarely,152,3,3,Sales Executive,4,No,3,5,3
Travel_Rarely,153,2,3,Manager,1,No,3,11,10
Travel_Frequently,154,3,3,Sales Executive,4,No,3,9,7
Travel_Rarely,155,3,1,Laboratory Technician,4,No,4,1,0
Travel_Frequently,158,3,4,Manager,4,Yes,3,25,12
Travel_Frequently,159,1,1,Research Scientist,3,No,4,10,7
Travel_Rarely,161,3,1,Research Scientist,2,Yes,3,5,4
Travel_Rarely,162,3,5,Research Director,3,No,3,20,18
Travel_Rarely,163,1,2,Sales Executive,3,Yes,3,7,7
Travel_Rarely,164,2,1,Research Scientist,2,No,3,5,4
Travel_Rarely,165,3,3,Healthcare Representative,4,No,3,40,10
Travel_Rarely,167,3,1,Sales Representative,3,Yes,3,0,0
Travel_Rarely,169,3,1,Laboratory Technician,4,No,3,2,1
Travel_Rarely,170,3,2,Manufacturing Director,1,No,3,15,11
Travel_Frequently,171,4,1,Research Scientist,3,No,3,3,2
Travel_Frequently,174,3,3,Sales Executive,4,No,3,2,2
Travel_Rarely,175,1,2,Sales Executive,3,Yes,3,2,2
Travel_Rarely,176,3,3,Sales Executive,3,Yes,3,9,7
Travel_Rarely,177,3,1,Human Resources,3,No,4,8,7
Travel_Rarely,178,3,2,Manufacturing Director,2,No,4,3,2
Travel_Frequently,179,1,3,Manufacturing Director,4,No,3,4,2
Travel_Rarely,182,2,2,Sales Executive,3,No,3,15,11
Travel_Rarely,183,2,2,Sales Executive,3,No,3,2,2
Travel_Rarely,184,3,2,Human Resources,4,Yes,3,11,9
Travel_Rarely,190,3,1,Laboratory Technician,1,No,4,5,4
Travel_Rarely,192,3,1,Research Scientist,4,No,3,6,5
Travel_Rarely,193,3,2,Research Scientist,3,Yes,4,3,2
Travel_Rarely,194,3,1,Research Scientist,3,No,3,5,4
Travel_Frequently,195,1,2,Sales Executive,4,No,3,8,7
Travel_Rarely,197,3,1,Research Scientist,1,No,3,3,2
Travel_Rarely,198,2,1,Laboratory Technician,4,No,3,5,3
Travel_Frequently,199,2,4,Manager,1,No,3,7,6
Travel_Rarely,200,3,1,Laboratory Technician,1,No,4,5,0
Travel_Rarely,201,3,1,Laboratory Technician,2,No,3,1,0
Travel_Frequently,202,3,2,Research Scientist,2,No,3,20,7
Travel_Rarely,204,3,3,Sales Executive,2,No,3,10,8
Travel_Rarely,205,3,2,Sales Representative,3,Yes,4,7,7
Travel_Rarely,206,3,2,Laboratory Technician,2,No,3,17,9
Travel_Frequently,207,3,3,Sales Executive,4,No,3,9,8
Travel_Rarely,211,2,2,Manufacturing Director,3,No,3,1,0
Travel_Rarely,214,2,1,Research Scientist,2,Yes,4,1,0
Travel_Rarely,215,2,3,Sales Executive,4,No,3,12,11
Travel_Frequently,216,3,1,Sales Representative,3,No,3,4,3
Travel_Rarely,217,3,1,Research Scientist,4,No,4,2,2
Travel_Rarely,221,3,1,Research Scientist,4,No,3,5,2
Travel_Rarely,223,4,3,Healthcare Representative,4,Yes,3,5,3
Travel_Rarely,226,3,5,Manager,2,No,3,5,4
Travel_Rarely,227,3,1,Research Scientist,3,No,3,9,8
Travel_Rarely,228,3,3,Sales Executive,4,No,3,10,9
Travel_Rarely,230,2,2,Sales Executive,4,No,4,8,3
Travel_Rarely,231,3,1,Research Scientist,3,No,4,5,4
Travel_Rarely,233,3,1,Research Scientist,2,Yes,3,5,2
Travel_Frequently,235,1,1,Sales Representative,1,No,4,0,0
Travel_Frequently,238,3,1,Laboratory Technician,2,No,3,8,7
Travel_Rarely,240,3,2,Sales Executive,1,Yes,3,5,4
Travel_Rarely,241,3,1,Research Scientist,1,Yes,3,2,2
Travel_Rarely,242,3,1,Research Scientist,4,No,3,3,1
Travel_Rarely,243,2,1,Laboratory Technician,4,No,4,1,0
Travel_Rarely,244,3,3,Sales Executive,1,No,4,24,13
Travel_Rarely,245,3,1,Laboratory Technician,4,No,3,2,2
Travel_Rarely,246,3,1,Research Scientist,4,Yes,4,4,2
Travel_Rarely,247,3,1,Research Scientist,2,No,3,3,2
Travel_Rarely,248,3,1,Sales Representative,2,Yes,4,4,3
Travel_Rarely,249,2,1,Laboratory Technician,3,No,3,3,2
Travel_Rarely,250,4,2,Manufacturing Director,1,No,3,4,2
Travel_Rarely,252,3,1,Research Scientist,2,No,3,8,7
Travel_Rarely,253,3,5,Manager,3,No,3,20,8
Travel_Rarely,254,4,5,Research Director,2,No,3,24,15
Travel_Frequently,256,2,2,Manufacturing Director,3,No,3,10,9
Travel_Rarely,258,3,4,Healthcare Representative,2,No,3,7,7
Travel_Rarely,259,2,5,Manager,3,No,3,33,18
Travel_Rarely,260,3,1,Research Scientist,2,No,3,7,7
Travel_Rarely,261,2,2,Manufacturing Director,3,Yes,3,1,0
Travel_Rarely,267,4,1,Research Scientist,1,Yes,3,8,7
Travel_Frequently,269,3,2,Laboratory Technician,2,No,3,6,2
Travel_Rarely,271,3,2,Manufacturing Director,3,No,3,1,0
Travel_Rarely,273,3,2,Manufacturing Director,4,No,3,7,7
Travel_Frequently,274,2,2,Manufacturing Director,1,No,3,2,2
Travel_Frequently,277,3,1,Research Scientist,3,Yes,3,5,3
Travel_Rarely,281,3,2,Laboratory Technician,4,Yes,3,7,2
Travel_Rarely,282,3,2,Healthcare Representative,1,Yes,3,1,0
Travel_Rarely,283,3,3,Sales Executive,4,No,4,10,4
Travel_Rarely,284,4,1,Research Scientist,2,Yes,3,4,2
Travel_Frequently,286,3,1,Laboratory Technician,4,No,3,8,1
Travel_Rarely,288,3,3,Healthcare Representative,1,No,3,4,2
Travel_Rarely,291,1,3,Sales Executive,4,No,3,14,8
Travel_Frequently,293,3,2,Sales Executive,3,No,3,7,7
Travel_Rarely,296,2,3,Research Director,2,No,3,10,9
Travel_Rarely,297,3,1,Research Scientist,1,Yes,3,5,2
Travel_Rarely,298,3,3,Manager,4,Yes,3,1,0
Travel_Frequently,299,2,2,Sales Executive,1,No,3,6,3
Travel_Rarely,300,3,1,Research Scientist,3,No,3,6,2
Travel_Rarely,303,3,2,Sales Executive,1,No,3,6,2
Travel_Rarely,304,3,2,Laboratory Technician,2,No,3,13,11
Travel_Rarely,305,2,1,Research Scientist,2,No,4,3,2
Travel_Frequently,306,3,3,Research Director,4,Yes,3,10,8
Travel_Rarely,307,3,3,Sales Executive,3,No,3,16,10
Travel_Rarely,309,2,1,Research Scientist,4,No,3,1,0
Travel_Frequently,311,3,1,Sales Representative,4,No,3,9,8
Travel_Frequently,312,3,3,Sales Executive,4,No,3,11,10
Travel_Frequently,314,3,3,Sales Executive,3,No,3,10,7
Travel_Rarely,315,2,1,Research Scientist,4,Yes,3,4,3
Travel_Rarely,316,2,1,Laboratory Technician,4,No,3,2,2
Travel_Rarely,319,3,5,Manager,4,No,3,22,17
Travel_Rarely,321,3,1,Human Resources,3,No,3,2,2
Travel_Rarely,323,3,5,Manager,4,No,3,7,0
Travel_Rarely,325,3,1,Laboratory Technician,4,Yes,3,5,4
Travel_Rarely,327,3,4,Manager,4,Yes,4,17,13
Travel_Rarely,328,3,1,Laboratory Technician,1,No,4,9,7
Travel_Rarely,330,3,1,Sales Representative,2,No,3,4,3
Travel_Rarely,331,2,1,Laboratory Technician,3,Yes,3,3,2
Travel_Rarely,332,3,1,Laboratory Technician,3,No,3,3,2
Travel_Rarely,334,3,2,Research Scientist,1,No,3,1,0
Travel_Rarely,335,3,2,Research Scientist,4,No,3,9,8
Travel_Rarely,336,4,5,Manager,4,No,3,24,0
Travel_Frequently,337,3,3,Research Director,3,No,3,2,2
Travel_Rarely,338,2,1,Research Scientist,4,No,3,2,2
Travel_Rarely,339,2,2,Manufacturing Director,1,No,3,11,9
Travel_Rarely,340,2,1,Research Scientist,1,No,3,3,1
Travel_Frequently,341,4,2,Manufacturing Director,3,No,3,3,2
Travel_Frequently,342,3,3,Manufacturing Director,3,No,3,1,0
Travel_Frequently,343,3,3,Healthcare Representative,3,No,4,19,6
Travel_Rarely,346,3,1,Research Scientist,4,No,3,6,5
Travel_Rarely,347,4,2,Research Scientist,1,Yes,3,3,2
Travel_Rarely,349,3,2,Sales Executive,4,No,3,3,2
Travel_Rarely,350,3,2,Manufacturing Director,3,No,3,4,2
Travel_Rarely,351,2,1,Laboratory Technician,1,Yes,3,9,6
Travel_Rarely,352,3,5,Research Director,3,No,3,21,7
Travel_Rarely,353,3,1,Research Scientist,4,No,3,1,0
Travel_Frequently,355,2,1,Laboratory Technician,2,No,3,5,4
Travel_Frequently,359,4,1,Laboratory Technician,2,No,4,5,1
Travel_Rarely,362,2,2,Laboratory Technician,1,No,3,6,2
Travel_Rarely,363,1,4,Manager,2,Yes,3,7,7
Travel_Rarely,364,3,1,Laboratory Technician,3,No,3,0,0
Travel_Rarely,366,2,2,Sales Executive,2,No,3,0,0
Travel_Rarely,367,2,2,Healthcare Representative,4,No,4,9,0
Travel_Rarely,372,3,4,Healthcare Representative,4,Yes,3,20,7
Travel_Rarely,373,3,1,Laboratory Technician,4,No,3,15,13
Travel_Rarely,374,3,5,Manager,1,Yes,3,36,10
Travel_Rarely,377,3,1,Research Scientist,4,No,4,5,2
Travel_Rarely,378,3,2,Sales Executive,4,No,3,5,4
Travel_Rarely,379,2,1,Research Scientist,3,No,3,3,2
Travel_Rarely,381,4,3,Manager,2,No,3,7,7
Travel_Rarely,382,4,2,Sales Executive,1,Yes,4,8,0
Travel_Frequently,384,3,2,Manufacturing Director,2,No,4,6,5
Travel_Rarely,385,3,5,Research Director,2,No,3,10,4
Travel_Rarely,386,3,4,Research Director,3,Yes,3,5,3
Travel_Rarely,387,3,2,Sales Executive,3,No,4,20,16
Travel_Frequently,388,3,2,Sales Executive,4,No,3,10,7
Travel_Rarely,389,3,2,Laboratory Technician,4,Yes,3,10,7
Travel_Frequently,390,3,2,Healthcare Representative,1,Yes,3,5,3
Travel_Rarely,391,3,1,Research Scientist,4,No,3,17,12
Travel_Frequently,392,3,1,Laboratory Technician,3,Yes,4,1,0
Travel_Rarely,393,3,2,Healthcare Representative,4,No,3,2,2
Travel_Rarely,394,3,1,Laboratory Technician,2,Yes,3,3,2
Travel_Rarely,395,3,1,Research Scientist,4,No,4,5,3
Travel_Frequently,396,3,5,Research Director,1,Yes,3,3,2
Travel_Rarely,397,3,2,Research Scientist,2,No,3,8,0
Travel_Frequently,399,3,1,Sales Representative,2,No,3,2,2
Travel_Rarely,401,2,2,Sales Executive,4,Yes,3,8,7
Travel_Frequently,403,3,1,Research Scientist,4,Yes,3,4,2
Travel_Frequently,404,3,4,Sales Executive,2,No,3,20,4
Travel_Rarely,405,3,1,Laboratory Technician,3,No,3,0,0
Travel_Rarely,406,3,3,Sales Executive,2,No,3,11,9
Travel_Frequently,407,4,1,Laboratory Technician,4,No,3,1,0
Travel_Rarely,408,1,2,Manufacturing Director,2,No,3,4,1
Travel_Rarely,410,3,4,Manager,2,No,3,22,10
Travel_Rarely,411,2,1,Sales Representative,3,No,3,0,0
Travel_Rarely,412,4,2,Healthcare Representative,1,No,3,8,3
Travel_Rarely,416,4,2,Sales Executive,4,No,3,8,7
Travel_Rarely,417,4,3,Healthcare Representative,4,No,3,18,10
Travel_Rarely,420,2,2,Sales Executive,3,No,3,13,8
Travel_Rarely,421,2,3,Research Director,2,No,3,10,8
Travel_Rarely,423,3,1,Research Scientist,4,Yes,3,5,2
Travel_Rarely,424,2,2,Human Resources,1,No,3,2,2
Travel_Frequently,425,3,3,Laboratory Technician,1,No,3,24,9
Travel_Rarely,426,3,1,Research Scientist,4,Yes,3,2,2
Travel_Frequently,428,3,3,Manager,2,No,3,10,6
Travel_Rarely,429,3,4,Manager,1,Yes,3,21,9
Travel_Frequently,430,3,1,Laboratory Technician,4,No,3,8,7
Travel_Rarely,431,2,4,Healthcare Representative,3,Yes,3,7,1
Travel_Rarely,433,2,2,Research Scientist,2,No,3,8,2
Travel_Rarely,434,3,1,Research Scientist,2,Yes,3,4,3
Travel_Rarely,436,2,2,Sales Executive,2,Yes,3,13,12
Travel_Rarely,437,3,2,Sales Executive,3,Yes,3,5,4
Travel_Rarely,438,3,2,Sales Executive,4,No,3,7,7
Travel_Rarely,439,4,2,Research Scientist,4,No,3,7,7
Travel_Rarely,440,1,1,Research Scientist,4,Yes,3,3,2
Travel_Rarely,441,3,2,Research Scientist,4,No,3,10,8
Travel_Frequently,442,2,3,Manufacturing Director,3,No,4,10,9
Travel_Frequently,444,2,5,Manager,4,No,3,21,9
Travel_Rarely,445,3,2,Sales Executive,3,Yes,3,1,0
Travel_Frequently,446,2,2,Sales Executive,4,No,3,7,7
Travel_Rarely,447,3,5,Research Director,3,No,3,3,2
Travel_Frequently,448,2,2,Laboratory Technician,3,No,3,9,7
Travel_Frequently,450,3,2,Research Scientist,3,No,3,4,3
Travel_Rarely,451,3,3,Healthcare Representative,1,No,3,1,0
Travel_Rarely,452,3,2,Research Scientist,4,No,3,10,9
Travel_Rarely,453,1,2,Sales Executive,4,Yes,4,4,3
Travel_Rarely,454,1,1,Laboratory Technician,1,Yes,3,7,7
Travel_Rarely,455,2,1,Laboratory Technician,4,No,3,3,2
Travel_Rarely,456,2,2,Sales Executive,3,No,3,10,9
Travel_Rarely,458,3,2,Sales Executive,2,No,3,8,7
Travel_Rarely,460,3,2,Manufacturing Director,4,No,3,6,2
Travel_Rarely,461,2,3,Research Director,4,Yes,3,11,10
Travel_Rarely,462,3,3,Manufacturing Director,4,Yes,3,11,9
Travel_Rarely,463,2,2,Sales Executive,2,Yes,3,7,7
Travel_Rarely,464,3,3,Manufacturing Director,2,No,3,16,6
Travel_Rarely,465,3,1,Research Scientist,4,No,3,4,2
Travel_Rarely,466,2,2,Manufacturing Director,2,Yes,3,5,4
Travel_Frequently,467,3,2,Sales Representative,3,No,3,0,0
Travel_Rarely,468,3,4,Research Director,4,No,3,1,0
Travel_Rarely,470,3,1,Human Resources,3,Yes,3,3,2
Travel_Rarely,471,3,1,Laboratory Technician,2,No,3,8,0
Travel_Rarely,473,3,3,Manager,3,No,4,0,0
Travel_Rarely,474,4,2,Research Scientist,1,Yes,3,7,7
Travel_Rarely,476,3,2,Sales Executive,3,No,3,8,7
Travel_Rarely,477,2,2,Healthcare Representative,4,No,4,1,0
Travel_Frequently,478,2,1,Sales Representative,2,Yes,3,3,2
Travel_Frequently,481,2,3,Sales Executive,4,No,3,13,9
Travel_Rarely,482,3,2,Healthcare Representative,3,No,3,3,2
Travel_Rarely,483,4,1,Laboratory Technician,3,Yes,3,7,7
Travel_Rarely,485,3,1,Sales Representative,3,Yes,3,1,0
Travel_Rarely,486,3,1,Laboratory Technician,1,No,4,5,4
Travel_Frequently,488,3,2,Sales Executive,2,No,3,8,7
Travel_Rarely,491,2,3,Healthcare Representative,4,No,3,4,3
Travel_Rarely,492,2,2,Sales Executive,3,Yes,3,6,4
Travel_Rarely,493,2,1,Research Scientist,2,Yes,3,2,2
Travel_Rarely,494,4,1,Sales Representative,2,No,3,1,0
Travel_Rarely,495,3,1,Research Scientist,4,No,3,3,2
Travel_Rarely,496,2,2,Healthcare Representative,2,No,3,1,1
Travel_Rarely,497,3,1,Laboratory Technician,2,No,3,5,2
Travel_Rarely,498,3,2,Sales Executive,4,No,3,7,5
Travel_Rarely,499,2,3,Healthcare Representative,3,No,4,5,2
Travel_Rarely,500,3,2,Sales Executive,4,No,3,7,7
Travel_Rarely,501,3,1,Research Scientist,3,No,3,2,2
Travel_Rarely,505,3,4,Manager,4,Yes,3,5,4
Travel_Rarely,507,3,2,Sales Executive,3,Yes,3,5,2
Travel_Rarely,508,3,1,Sales Representative,2,No,3,1,0
Travel_Frequently,510,3,1,Research Scientist,1,No,4,6,4
Travel_Rarely,511,3,1,Research Scientist,2,No,3,2,1
Travel_Rarely,513,2,3,Sales Executive,3,No,3,10,9
Travel_Frequently,514,3,1,Research Scientist,4,Yes,4,1,0
Travel_Rarely,515,3,1,Laboratory Technician,1,No,3,18,7
Travel_Rarely,516,3,2,Sales Executive,2,No,3,5,4
Travel_Rarely,517,3,1,Laboratory Technician,1,No,3,5,2
Travel_Rarely,518,3,2,Manufacturing Director,2,Yes,3,1,0
Travel_Rarely,520,2,4,Research Director,2,No,3,25,10
Travel_Rarely,521,2,2,Laboratory Technician,3,No,4,1,0
Travel_Rarely,522,3,5,Research Director,1,No,3,4,2
Travel_Rarely,524,3,2,Manufacturing Director,1,No,3,13,10
Travel_Frequently,525,3,1,Laboratory Technician,4,No,4,3,2
Travel_Rarely,526,3,2,Healthcare Representative,3,Yes,3,5,2
Travel_Rarely,527,2,2,Sales Executive,4,Yes,3,5,4
Travel_Rarely,530,2,1,Laboratory Technician,1,No,3,4,2
Travel_Frequently,531,3,5,Manager,3,Yes,3,21,8
Travel_Frequently,532,4,4,Sales Executive,1,No,3,7,7
Travel_Rarely,533,3,2,Sales Executive,3,No,3,5,4
Travel_Rarely,534,4,3,Sales Executive,1,No,3,10,7
Travel_Rarely,536,3,2,Laboratory Technician,1,No,3,10,0
Travel_Rarely,538,3,1,Laboratory Technician,1,No,3,2,2
Travel_Rarely,543,2,3,Manufacturing Director,3,Yes,3,5,4
Travel_Rarely,544,3,1,Research Scientist,4,No,4,2,2
Travel_Rarely,546,3,4,Manager,4,No,3,5,2
Travel_Frequently,547,3,2,Research Scientist,3,No,3,5,4
Travel_Rarely,548,1,2,Manufacturing Director,4,No,4,5,4
Travel_Rarely,549,3,5,Manager,1,No,3,29,8
Travel_Rarely,550,3,2,Manufacturing Director,3,No,3,10,7
Travel_Frequently,551,2,2,Healthcare Representative,4,No,3,6,5
Travel_Rarely,554,3,1,Sales Representative,2,Yes,3,5,3
Travel_Frequently,555,1,1,Sales Representative,3,No,3,2,2
Travel_Frequently,556,3,1,Laboratory Technician,4,Yes,4,1,0
Travel_Rarely,558,3,5,Manager,3,No,3,20,15
Travel_Rarely,560,3,1,Research Scientist,4,No,4,3,2
Travel_Rarely,564,2,3,Research Director,3,No,3,10,2
Travel_Rarely,565,2,1,Research Scientist,2,No,3,2,2
Travel_Rarely,566,2,1,Human Resources,4,No,3,1,0
Travel_Rarely,568,2,4,Manager,4,No,3,1,0
Travel_Rarely,569,2,4,Manager,3,No,3,27,10
Travel_Frequently,573,2,3,Sales Executive,1,No,3,18,13
Travel_Rarely,574,3,2,Manufacturing Director,4,No,3,5,0
Travel_Rarely,575,3,4,Research Director,3,No,3,3,2
Travel_Rarely,577,1,1,Laboratory Technician,3,No,3,5,4
Travel_Rarely,578,3,2,Laboratory Technician,3,No,3,1,0
Travel_Rarely,579,2,1,Research Scientist,3,No,3,7,3
Travel_Rarely,580,2,3,Sales Executive,4,Yes,3,3,2
Travel_Rarely,581,3,3,Manufacturing Director,2,No,4,13,8
Travel_Rarely,582,3,3,Manager,3,Yes,3,7,6
Travel_Rarely,584,1,1,Laboratory Technician,4,No,3,4,3
Travel_Rarely,585,3,1,Sales Representative,2,No,3,3,2
Travel_Rarely,586,3,3,Healthcare Representative,3,Yes,3,8,7
Travel_Frequently,587,3,3,Healthcare Representative,3,No,3,1,0
Travel_Frequently,590,3,3,Human Resources,1,Yes,3,3,2
Travel_Frequently,591,3,1,Laboratory Technician,3,No,3,2,2
Travel_Frequently,593,2,1,Laboratory Technician,3,No,3,2,2
Travel_Rarely,595,3,2,Sales Executive,4,No,3,9,7
Travel_Rarely,597,3,4,Manager,2,No,4,10,9
Travel_Rarely,600,3,2,Sales Executive,3,No,3,11,9
Travel_Rarely,601,3,4,Manufacturing Director,3,No,3,20,6
Travel_Frequently,602,3,1,Laboratory Technician,3,No,3,8,3
Travel_Rarely,604,3,2,Sales Executive,4,Yes,3,6,5
Travel_Rarely,605,3,3,Manufacturing Director,1,Yes,4,10,9
Travel_Rarely,606,3,2,Sales Executive,2,No,3,8,7
Travel_Frequently,608,3,1,Human Resources,3,Yes,3,7,7
Travel_Rarely,611,3,2,Manufacturing Director,4,No,3,3,2
Travel_Rarely,612,4,4,Research Director,3,No,3,6,1
Travel_Rarely,613,2,3,Manager,4,No,4,5,4
Travel_Frequently,614,3,1,Sales Representative,2,Yes,3,0,0
Travel_Rarely,618,3,2,Sales Executive,3,No,3,0,0
Travel_Rarely,620,3,2,Sales Executive,3,No,3,5,4
Travel_Rarely,621,4,2,Sales Executive,4,No,3,10,7
Travel_Rarely,622,1,1,Laboratory Technician,4,Yes,3,1,0
Travel_Rarely,623,3,3,Manufacturing Director,4,No,3,6,5
Travel_Frequently,624,3,3,Healthcare Representative,3,No,3,2,2
Travel_Rarely,625,3,4,Manager,1,No,3,18,16
Travel_Rarely,630,3,2,Research Scientist,1,Yes,3,10,9
Travel_Frequently,632,3,1,Sales Representative,4,No,3,2,2
Travel_Rarely,634,3,2,Healthcare Representative,3,No,3,1,0
Travel_Rarely,635,3,2,Manufacturing Director,2,No,3,6,5
Travel_Rarely,638,2,5,Research Director,3,Yes,3,31,9
Travel_Rarely,639,4,1,Research Scientist,4,Yes,3,6,5
Travel_Rarely,641,3,2,Sales Executive,2,No,4,5,3
Travel_Rarely,643,2,1,Laboratory Technician,2,No,4,1,0
Travel_Frequently,644,3,5,Manager,2,No,3,32,5
Travel_Rarely,645,3,1,Sales Representative,3,No,3,7,4
Travel_Frequently,647,3,1,Laboratory Technician,3,Yes,3,6,3
Travel_Frequently,648,2,1,Sales Representative,1,No,3,1,0
Travel_Rarely,649,2,1,Research Scientist,4,Yes,3,6,5
Travel_Rarely,650,3,2,Sales Executive,1,No,3,3,1
Travel_Rarely,652,2,2,Laboratory Technician,4,No,3,3,2
Travel_Rarely,653,4,2,Sales Executive,4,No,4,7,7
Travel_Rarely,655,2,1,Research Scientist,3,No,3,5,3
Travel_Rarely,656,3,2,Sales Executive,3,Yes,3,3,0
Travel_Rarely,657,2,1,Research Scientist,2,No,3,1,0
Travel_Rarely,659,3,2,Healthcare Representative,4,No,3,10,2
Travel_Rarely,661,2,4,Research Director,4,Yes,3,1,0
Travel_Rarely,662,3,1,Research Scientist,1,No,3,0,0
Travel_Frequently,663,3,2,Laboratory Technician,3,Yes,3,8,7
Travel_Rarely,664,2,4,Manager,1,No,3,3,2
Travel_Rarely,665,2,2,Human Resources,3,No,3,2,2
Travel_Rarely,666,3,1,Sales Representative,3,Yes,3,8,2
Travel_Rarely,667,3,1,Sales Representative,1,No,3,4,3
Travel_Rarely,669,3,1,Sales Representative,3,No,3,3,2
Travel_Rarely,671,3,5,Manager,4,Yes,3,2,2
Travel_Rarely,675,3,1,Research Scientist,3,No,4,2,2
Travel_Rarely,677,3,2,Sales Executive,3,No,3,5,0
Travel_Rarely,679,3,2,Research Scientist,4,Yes,3,6,4
Travel_Frequently,680,3,1,Research Scientist,3,No,4,1,0
Travel_Rarely,682,3,2,Sales Executive,1,No,4,14,7
Travel_Rarely,683,3,1,Research Scientist,4,No,3,10,9
Travel_Frequently,684,3,2,Sales Executive,1,No,3,1,1
Travel_Rarely,686,3,1,Laboratory Technician,4,Yes,3,3,2
Travel_Rarely,689,3,3,Manufacturing Director,3,No,3,10,7
Travel_Rarely,690,3,2,Sales Executive,3,No,3,6,0
Travel_Rarely,691,1,2,Research Scientist,4,No,3,17,11
Travel_Frequently,692,3,2,Healthcare Representative,4,No,4,13,11
Travel_Rarely,698,3,3,Human Resources,2,No,3,9,7
Travel_Rarely,699,2,2,Manufacturing Director,2,Yes,3,3,2
Travel_Rarely,700,2,1,Research Scientist,4,No,3,4,2
Travel_Rarely,701,3,1,Research Scientist,3,Yes,3,1,0
Travel_Frequently,702,3,1,Research Scientist,1,Yes,3,10,8
Travel_Rarely,705,4,1,Research Scientist,1,No,3,3,2
Travel_Rarely,707,4,2,Sales Executive,2,No,4,3,2
Travel_Rarely,709,2,2,Sales Executive,4,No,4,7,7
Travel_Frequently,710,1,1,Research Scientist,4,No,3,10,7
Travel_Rarely,712,4,2,Sales Executive,2,No,3,2,2
Travel_Frequently,714,4,2,Sales Executive,4,Yes,4,6,5
Travel_Rarely,715,4,1,Research Scientist,4,No,3,1,0
Travel_Rarely,716,4,1,Laboratory Technician,3,Yes,3,20,8
Travel_Rarely,717,2,3,Healthcare Representative,2,No,3,8,7
Travel_Rarely,720,3,2,Sales Executive,3,No,3,2,2
Travel_Rarely,721,2,2,Healthcare Representative,3,No,3,20,7
Travel_Rarely,722,3,2,Sales Executive,4,No,3,10,7
Travel_Frequently,723,3,2,Sales Executive,3,Yes,3,4,3
Travel_Rarely,724,4,2,Healthcare Representative,4,No,3,9,7
Travel_Rarely,725,3,3,Manufacturing Director,1,No,3,9,7
Travel_Rarely,727,3,3,Research Director,4,No,3,7,7
Travel_Rarely,728,3,2,Sales Executive,1,No,3,7,7
Travel_Frequently,729,2,3,Sales Executive,1,Yes,4,18,13
Travel_Rarely,730,4,4,Research Director,3,No,3,5,1
Travel_Rarely,731,2,5,Manager,4,No,3,21,6
Travel_Rarely,732,3,2,Sales Executive,1,No,3,2,2
Travel_Frequently,733,3,3,Manufacturing Director,1,No,4,9,7
Travel_Rarely,734,2,5,Manager,3,No,3,22,7
Travel_Rarely,738,3,1,Sales Representative,2,No,3,2,2
Travel_Rarely,741,1,1,Research Scientist,2,Yes,3,7,7
Travel_Rarely,743,3,3,Manufacturing Director,3,Yes,3,1,0
Travel_Frequently,746,3,4,Sales Executive,3,Yes,3,22,2
Travel_Rarely,747,3,2,Sales Executive,4,No,4,8,7
Travel_Rarely,749,3,1,Sales Representative,3,No,3,1,0
Travel_Frequently,752,4,1,Research Scientist,3,Yes,3,2,2
Travel_Frequently,754,2,2,Sales Executive,4,No,3,2,2
Travel_Rarely,757,3,2,Healthcare Representative,3,No,3,5,1
Travel_Rarely,758,3,1,Laboratory Technician,1,No,3,4,3
Travel_Rarely,760,4,2,Human Resources,2,No,3,8,3
Travel_Rarely,762,3,4,Healthcare Representative,4,No,3,10,7
Travel_Rarely,763,2,1,Research Scientist,4,Yes,4,4,2
Travel_Rarely,764,2,2,Healthcare Representative,1,No,3,7,6
Travel_Rarely,766,3,1,Sales Representative,2,No,3,2,2
Travel_Rarely,769,3,2,Laboratory Technician,4,No,3,2,2
Travel_Frequently,772,3,2,Laboratory Technician,4,No,3,10,8
Travel_Rarely,773,3,1,Research Scientist,3,Yes,3,1,0
Travel_Rarely,775,3,2,Manufacturing Director,1,No,3,0,0
Travel_Rarely,776,2,4,Manager,1,No,3,34,6
Travel_Rarely,780,3,1,Research Scientist,4,Yes,3,10,9
Travel_Rarely,781,3,2,Sales Executive,4,No,4,6,5
Travel_Rarely,783,1,2,Sales Representative,3,No,3,8,7
Travel_Rarely,784,4,1,Research Scientist,3,No,3,2,2
Travel_Frequently,785,4,2,Sales Executive,3,Yes,3,5,4
Travel_Rarely,786,3,2,Sales Executive,4,No,4,6,5
Travel_Rarely,787,3,5,Manager,1,Yes,3,5,2
Travel_Frequently,792,1,1,Laboratory Technician,4,No,3,2,2
Travel_Rarely,793,3,2,Healthcare Representative,3,No,3,8,7
Travel_Rarely,796,2,2,Sales Executive,1,No,3,4,3
Travel_Rarely,797,4,1,Research Scientist,4,No,3,4,2
Travel_Rarely,799,3,2,Manufacturing Director,1,Yes,3,5,3
Travel_Frequently,800,3,2,Sales Executive,4,No,3,4,2
Travel_Rarely,802,3,1,Research Scientist,1,Yes,3,5,3
Travel_Frequently,803,4,2,Manufacturing Director,1,Yes,3,15,7
Travel_Rarely,804,2,1,Research Scientist,1,No,3,6,5
Travel_Rarely,805,3,1,Sales Representative,4,No,3,3,2
Travel_Rarely,806,1,1,Laboratory Technician,3,No,4,2,2
Travel_Frequently,807,4,2,Healthcare Representative,2,No,4,8,7
Travel_Rarely,808,3,2,Sales Executive,1,No,3,3,2
Travel_Frequently,809,3,5,Manager,4,No,3,24,7
Travel_Rarely,811,4,1,Laboratory Technician,1,Yes,4,0,0
Travel_Rarely,813,3,2,Laboratory Technician,3,No,4,5,2
Travel_Rarely,815,3,4,Research Director,3,No,3,4,3
Travel_Rarely,816,2,1,Laboratory Technician,1,Yes,3,1,0
Travel_Rarely,817,3,3,Research Director,3,No,3,13,9
Travel_Rarely,819,3,2,Sales Executive,1,No,3,3,2
Travel_Rarely,820,3,4,Manager,4,Yes,3,26,14
Travel_Rarely,823,3,2,Manufacturing Director,2,No,3,9,7
Travel_Rarely,824,4,1,Research Scientist,3,No,4,10,7
Travel_Rarely,825,3,5,Research Director,2,Yes,3,31,15
Travel_Rarely,826,4,1,Research Scientist,3,No,3,2,2
Travel_Rarely,827,2,2,Manufacturing Director,4,Yes,3,4,3
Travel_Rarely,828,3,1,Research Scientist,3,No,3,2,2
Travel_Rarely,829,3,1,Human Resources,2,No,3,5,2
Travel_Rarely,830,2,2,Manufacturing Director,3,No,3,14,13
Travel_Frequently,832,2,2,Laboratory Technician,3,No,3,1,0
Travel_Rarely,833,2,2,Manufacturing Director,4,Yes,4,0,0
Travel_Rarely,834,2,1,Research Scientist,3,No,3,1,0
Travel_Rarely,836,3,2,Manufacturing Director,2,No,3,9,8
Travel_Frequently,837,2,2,Healthcare Representative,1,No,3,4,3
Travel_Frequently,838,2,1,Research Scientist,4,No,3,5,2
Travel_Rarely,840,3,3,Sales Executive,4,No,3,9,8
Travel_Rarely,842,3,2,Sales Executive,4,No,3,9,7
Travel_Rarely,843,3,4,Research Director,1,No,4,4,1
Travel_Rarely,844,2,3,Research Director,4,Yes,3,9,8
Travel_Rarely,845,3,3,Manufacturing Director,3,No,4,8,5
Travel_Rarely,846,3,2,Sales Executive,2,Yes,4,8,7
Travel_Rarely,847,3,1,Human Resources,4,No,3,3,2
Travel_Frequently,848,2,1,Research Scientist,3,Yes,3,8,7
Travel_Rarely,851,3,4,Manager,3,No,3,20,6
Travel_Rarely,852,3,2,Healthcare Representative,2,No,3,5,2
Travel_Rarely,854,4,1,Research Scientist,1,No,3,4,3
Travel_Rarely,855,4,2,Sales Executive,1,No,4,9,8
Travel_Rarely,856,2,1,Research Scientist,1,No,3,6,5
Travel_Rarely,857,3,2,Sales Executive,4,Yes,3,18,14
Travel_Rarely,859,3,2,Sales Executive,4,No,3,5,2
Travel_Frequently,861,2,1,Research Scientist,4,No,3,5,4
Travel_Rarely,862,2,3,Sales Executive,4,Yes,3,5,2
Travel_Rarely,864,3,3,Sales Executive,1,Yes,3,5,4
Travel_Rarely,865,4,2,Research Scientist,3,No,3,5,3
Travel_Frequently,867,2,4,Manufacturing Director,4,No,4,9,8
Travel_Rarely,868,2,2,Sales Executive,3,No,3,1,0
Travel_Rarely,869,2,1,Human Resources,4,No,3,5,1
Travel_Rarely,872,2,2,Manufacturing Director,4,No,4,2,2
Travel_Rarely,874,4,1,Laboratory Technician,4,Yes,4,3,2
Travel_Frequently,875,3,1,Research Scientist,4,Yes,3,2,1
Travel_Rarely,878,2,1,Human Resources,1,No,4,5,4
Travel_Rarely,879,3,2,Sales Executive,1,Yes,3,5,3
Travel_Rarely,880,2,3,Manufacturing Director,3,Yes,4,17,14
Travel_Frequently,881,3,1,Research Scientist,2,Yes,3,10,2
Travel_Rarely,885,2,2,Sales Executive,1,No,3,5,2
Travel_Rarely,887,3,1,Research Scientist,1,No,3,4,2
Travel_Frequently,889,3,2,Sales Executive,2,No,3,10,8
Travel_Rarely,893,2,1,Sales Representative,2,No,3,2,2
Travel_Rarely,894,4,2,Laboratory Technician,4,Yes,3,5,3
Travel_Rarely,895,3,1,Research Scientist,4,Yes,3,6,4
Travel_Rarely,896,2,1,Sales Representative,3,Yes,3,3,2
Travel_Rarely,897,3,4,Sales Executive,4,No,3,2,0
Travel_Rarely,899,2,3,Manufacturing Director,2,No,3,13,10
Travel_Frequently,900,3,1,Sales Representative,4,No,3,5,4
Travel_Rarely,901,3,4,Research Director,4,No,3,12,9
Travel_Frequently,902,3,2,Healthcare Representative,4,No,3,5,2
Travel_Rarely,903,3,2,Sales Executive,4,Yes,4,7,6
Travel_Rarely,909,2,2,Human Resources,4,No,3,5,4
Travel_Rarely,910,3,1,Human Resources,2,Yes,3,4,3
Travel_Rarely,911,3,1,Laboratory Technician,4,Yes,4,1,0
Travel_Rarely,912,2,1,Laboratory Technician,4,No,3,4,3
Travel_Rarely,913,3,1,Research Scientist,1,Yes,3,8,7
Travel_Rarely,916,3,2,Sales Executive,4,No,3,4,2
Travel_Frequently,918,2,1,Laboratory Technician,4,Yes,3,1,0
Travel_Rarely,920,3,2,Manufacturing Director,2,No,4,1,0
Travel_Rarely,922,2,1,Sales Representative,3,No,3,2,2
Travel_Rarely,923,3,1,Research Scientist,4,No,3,1,0
Travel_Rarely,924,3,2,Healthcare Representative,4,Yes,3,16,8
Travel_Rarely,925,2,1,Sales Representative,4,Yes,3,3,2
Travel_Rarely,926,3,2,Manufacturing Director,3,Yes,3,3,2
Travel_Rarely,927,1,1,Laboratory Technician,4,Yes,3,7,7
Travel_Rarely,930,3,1,Research Scientist,3,No,3,2,2
Travel_Rarely,932,3,1,Laboratory Technician,1,Yes,4,2,2
Travel_Rarely,933,3,1,Research Scientist,3,No,3,1,1
Travel_Rarely,934,3,1,Laboratory Technician,2,No,3,1,0
Travel_Rarely,936,2,2,Sales Executive,3,No,3,5,4
Travel_Rarely,939,2,1,Research Scientist,1,Yes,3,3,2
Travel_Rarely,940,2,3,Healthcare Representative,2,Yes,3,6,0
Travel_Rarely,941,2,1,Sales Representative,3,No,3,7,7
Travel_Rarely,942,3,2,Healthcare Representative,4,Yes,4,10,6
Travel_Rarely,944,3,3,Laboratory Technician,2,No,3,26,9
Travel_Rarely,945,3,1,Research Scientist,3,No,3,0,0
Travel_Rarely,949,3,1,Research Scientist,4,No,3,6,2
Travel_Rarely,950,3,3,Research Director,1,No,3,15,12
Travel_Rarely,952,2,1,Sales Representative,2,Yes,3,1,0
Travel_Rarely,954,2,3,Sales Executive,2,No,3,1,0
Travel_Frequently,956,2,2,Sales Executive,1,No,3,7,7
Travel_Rarely,957,3,1,Laboratory Technician,1,Yes,3,18,13
Travel_Rarely,958,3,1,Laboratory Technician,3,No,4,11,8
Travel_Rarely,959,2,1,Sales Representative,2,Yes,3,1,0
Travel_Rarely,960,3,1,Laboratory Technician,1,No,3,1,0
Travel_Rarely,961,3,2,Healthcare Representative,4,Yes,3,9,7
Travel_Frequently,964,3,1,Research Scientist,2,Yes,3,1,1
Travel_Rarely,966,3,2,Manufacturing Director,1,No,3,8,7
Travel_Rarely,967,2,3,Sales Executive,4,Yes,3,16,7
Travel_Rarely,969,2,2,Healthcare Representative,4,No,3,5,0
Travel_Rarely,970,2,3,Sales Executive,3,No,3,14,1
Travel_Frequently,974,3,1,Sales Representative,4,No,3,3,1
Travel_Rarely,975,3,2,Sales Executive,3,No,3,5,2
Travel_Rarely,976,3,4,Manager,4,No,3,9,8
Travel_Rarely,977,3,1,Research Scientist,3,No,4,1,0
Travel_Rarely,981,3,4,Manager,3,No,3,17,13
Travel_Rarely,982,3,3,Sales Executive,3,No,3,8,4
Travel_Rarely,984,3,3,Sales Executive,4,No,3,10,9
Travel_Rarely,985,4,3,Sales Executive,3,No,3,8,7
Travel_Frequently,987,4,2,Manufacturing Director,3,Yes,3,19,10
Travel_Rarely,994,2,1,Research Scientist,1,Yes,4,0,0
Travel_Rarely,995,3,1,Research Scientist,4,No,3,3,2
Travel_Rarely,996,3,1,Laboratory Technician,4,No,3,5,3
Travel_Rarely,997,3,4,Research Director,4,No,4,5,4
Travel_Frequently,998,4,2,Healthcare Representative,2,Yes,3,6,5
Travel_Frequently,999,3,5,Research Director,3,No,3,18,16
Travel_Rarely,1001,3,1,Laboratory Technician,2,No,3,2,2
Travel_Rarely,1003,3,2,Sales Executive,4,Yes,3,9,0
Travel_Rarely,1004,3,1,Research Scientist,3,Yes,3,5,2
Travel_Rarely,1005,3,4,Manufacturing Director,3,Yes,3,12,11
Travel_Frequently,1006,3,1,Research Scientist,3,No,3,2,1
Travel_Rarely,1007,3,3,Manufacturing Director,3,No,3,8,7
Travel_Rarely,1009,2,2,Manufacturing Director,3,No,3,4,2
Travel_Rarely,1010,2,1,Laboratory Technician,2,Yes,4,4,2
Travel_Frequently,1011,3,2,Manufacturing Director,1,No,3,4,3
Travel_Rarely,1013,3,3,Manufacturing Director,3,No,3,10,7
Travel_Rarely,1014,3,3,Healthcare Representative,3,Yes,3,16,10
Travel_Rarely,1015,4,3,Research Director,1,Yes,3,8,7
Travel_Rarely,1016,2,1,Research Scientist,1,Yes,3,1,0
Travel_Frequently,1017,3,1,Laboratory Technician,2,No,3,3,2
Travel_Rarely,1018,4,2,Manufacturing Director,4,No,3,8,7
Travel_Rarely,1019,1,1,Laboratory Technician,1,No,3,4,3
Travel_Rarely,1022,2,2,Healthcare Representative,3,No,3,2,2
Travel_Rarely,1024,2,3,Healthcare Representative,3,No,3,15,11
Travel_Rarely,1025,3,2,Manufacturing Director,3,No,3,2,2
Travel_Rarely,1026,2,4,Manufacturing Director,4,No,3,21,6
Travel_Rarely,1027,3,2,Manufacturing Director,4,No,3,3,2
Travel_Rarely,1028,3,1,Laboratory Technician,4,No,4,3,2
Travel_Rarely,1029,3,5,Manager,3,No,3,1,0
Travel_Rarely,1030,3,1,Laboratory Technician,4,No,3,1,0
Travel_Rarely,1032,2,4,Manufacturing Director,4,Yes,3,5,3
Travel_Rarely,1033,1,2,Healthcare Representative,2,No,3,1,0
Travel_Frequently,1034,3,2,Healthcare Representative,2,Yes,3,8,7
Travel_Rarely,1036,3,2,Sales Executive,4,Yes,3,1,0
Travel_Rarely,1038,1,5,Manager,4,No,3,32,14
Travel_Rarely,1039,4,4,Sales Executive,4,Yes,3,12,11
Travel_Rarely,1042,4,1,Laboratory Technician,1,No,3,17,13
Travel_Frequently,1043,3,3,Manufacturing Director,1,Yes,3,21,6
Travel_Rarely,1045,3,4,Manager,4,No,3,9,3
Travel_Rarely,1047,4,2,Sales Executive,4,No,3,15,1
Travel_Rarely,1048,3,3,Manager,4,Yes,3,6,4
Travel_Rarely,1049,3,1,Human Resources,2,No,3,6,3
Travel_Frequently,1050,2,3,Sales Executive,2,No,3,15,7
Travel_Rarely,1052,3,2,Laboratory Technician,3,No,3,1,0
Travel_Frequently,1053,3,1,Research Scientist,1,Yes,3,3,2
Travel_Rarely,1055,3,1,Sales Representative,3,Yes,3,1,1
Travel_Rarely,1056,3,1,Sales Representative,2,No,4,1,0
Travel_Frequently,1060,3,1,Research Scientist,3,No,3,2,2
Travel_Rarely,1061,3,5,Research Director,3,Yes,3,8,1
Travel_Rarely,1062,3,2,Healthcare Representative,2,No,3,4,3
Travel_Rarely,1066,3,2,Sales Executive,1,No,3,7,7
Travel_Frequently,1068,2,1,Research Scientist,3,No,3,5,3
Travel_Rarely,1069,3,5,Research Director,4,No,3,2,2
Travel_Rarely,1070,2,3,Sales Executive,3,No,3,9,4
Travel_Frequently,1071,3,1,Research Scientist,3,No,3,5,4
Travel_Rarely,1073,2,3,Manufacturing Director,4,No,3,14,8
Travel_Rarely,1076,2,3,Sales Executive,4,No,3,1,0
Travel_Frequently,1077,3,1,Sales Representative,4,Yes,3,2,2
Travel_Rarely,1079,2,1,Laboratory Technician,1,No,3,1,0
Travel_Rarely,1080,2,2,Research Scientist,1,Yes,4,16,13
Travel_Rarely,1081,3,1,Research Scientist,3,Yes,3,10,0
Travel_Rarely,1083,2,1,Laboratory Technician,1,No,3,5,3
Travel_Rarely,1084,3,2,Manufacturing Director,1,No,3,6,2
Travel_Rarely,1085,4,1,Research Scientist,3,No,3,10,6
Travel_Rarely,1088,2,3,Healthcare Representative,3,No,3,19,9
Travel_Rarely,1092,3,3,Healthcare Representative,4,No,4,11,10
Travel_Frequently,1096,3,3,Manufacturing Director,2,No,3,3,2
Travel_Rarely,1097,3,2,Research Scientist,3,No,3,8,7
Travel_Rarely,1098,2,3,Human Resources,1,No,3,20,6
Travel_Rarely,1099,2,3,Healthcare Representative,4,No,3,3,2
Travel_Rarely,1100,3,3,Sales Executive,1,Yes,4,8,7
Travel_Frequently,1101,2,2,Research Scientist,3,No,4,13,7
Travel_Rarely,1102,3,1,Laboratory Technician,3,No,3,4,2
Travel_Frequently,1103,3,2,Healthcare Representative,4,No,3,6,2
Travel_Rarely,1105,2,2,Sales Executive,4,Yes,3,1,0
Travel_Rarely,1106,3,1,Laboratory Technician,4,Yes,3,7,7
Travel_Rarely,1107,3,1,Laboratory Technician,3,No,4,1,1
Travel_Rarely,1108,2,1,Research Scientist,2,Yes,4,2,2
Travel_Rarely,1109,3,4,Manager,1,No,3,22,6
Travel_Frequently,1111,2,1,Laboratory Technician,2,No,3,1,0
Travel_Frequently,1113,3,2,Sales Executive,3,Yes,3,0,0
Travel_Frequently,1114,3,2,Sales Executive,2,No,3,3,2
Travel_Rarely,1118,3,3,Healthcare Representative,2,No,3,8,6
Travel_Rarely,1119,2,3,Sales Executive,3,Yes,3,8,7
Travel_Rarely,1120,3,1,Research Scientist,4,No,4,7,5
Travel_Rarely,1121,3,3,Manufacturing Director,2,No,3,9,7
Travel_Rarely,1124,3,4,Manager,3,No,3,12,9
Travel_Rarely,1125,3,3,Sales Executive,2,No,3,1,0
Travel_Frequently,1126,3,3,Manufacturing Director,1,No,3,8,7
Travel_Frequently,1127,3,4,Healthcare Representative,4,No,3,18,7
Travel_Rarely,1128,2,5,Research Director,3,No,3,20,7
Travel_Rarely,1131,2,1,Research Scientist,2,Yes,3,2,2
Travel_Frequently,1135,4,1,Sales Representative,4,No,3,2,2
Travel_Rarely,1136,2,1,Research Scientist,2,No,3,5,3
Travel_Frequently,1137,3,2,Sales Executive,4,No,3,5,2
Travel_Rarely,1138,2,4,Sales Executive,2,No,3,9,8
Travel_Frequently,1140,3,2,Manufacturing Director,3,No,3,3,2
Travel_Frequently,1143,3,1,Research Scientist,2,No,3,7,5
Travel_Rarely,1148,1,2,Laboratory Technician,4,No,3,1,0
Travel_Rarely,1150,2,2,Manufacturing Director,4,Yes,3,10,7
Travel_Rarely,1152,4,1,Human Resources,3,No,3,7,6
Travel_Frequently,1154,2,1,Research Scientist,3,Yes,3,3,1
Travel_Rarely,1157,3,2,Sales Executive,1,Yes,3,5,2
Travel_Rarely,1158,3,1,Laboratory Technician,4,Yes,3,1,0
Travel_Frequently,1160,3,1,Laboratory Technician,3,No,3,2,2
Travel_Rarely,1161,2,2,Healthcare Representative,4,No,3,6,2
Travel_Rarely,1162,2,1,Research Scientist,3,No,3,4,2
Travel_Rarely,1163,3,2,Sales Executive,3,No,4,6,5
Travel_Rarely,1164,3,1,Human Resources,3,No,3,5,4
Travel_Rarely,1165,2,3,Sales Executive,1,No,3,11,8
Travel_Frequently,1166,3,3,Research Director,3,No,3,18,7
Travel_Frequently,1167,3,4,Sales Executive,1,Yes,3,21,9
Travel_Rarely,1171,3,2,Sales Executive,1,No,3,6,4
Travel_Rarely,1172,2,1,Laboratory Technician,3,No,3,8,0
Travel_Rarely,1173,3,1,Laboratory Technician,2,No,4,4,3
Travel_Rarely,1175,3,1,Laboratory Technician,4,Yes,3,1,1
Travel_Rarely,1177,4,1,Laboratory Technician,4,No,4,8,7
Travel_Rarely,1179,2,2,Sales Executive,3,No,3,10,3
Travel_Frequently,1180,2,2,Research Scientist,4,Yes,3,1,1
Travel_Rarely,1182,2,3,Manufacturing Director,2,No,3,7,7
Travel_Frequently,1184,2,2,Healthcare Representative,1,No,4,13,9
Travel_Frequently,1185,2,1,Laboratory Technician,4,No,3,2,2
Travel_Rarely,1188,1,2,Sales Executive,3,No,3,4,3
Travel_Rarely,1191,3,5,Manager,1,No,3,5,2
Travel_Rarely,1192,3,1,Laboratory Technician,4,No,3,10,8
Travel_Rarely,1193,3,1,Research Scientist,1,No,4,1,1
Travel_Rarely,1195,3,1,Research Scientist,3,Yes,3,3,2
Travel_Rarely,1196,2,2,Manufacturing Director,4,No,3,14,8
Travel_Rarely,1198,2,1,Laboratory Technician,3,No,3,2,2
Travel_Rarely,1200,3,1,Research Scientist,3,Yes,3,6,4
Travel_Rarely,1201,3,5,Manager,3,No,3,7,7
Travel_Rarely,1202,1,1,Research Scientist,4,Yes,3,5,4
Travel_Frequently,1203,2,1,Research Scientist,4,Yes,3,0,0
Travel_Rarely,1204,3,4,Manager,1,No,4,26,15
Travel_Rarely,1207,3,1,Human Resources,3,No,3,5,4
Travel_Rarely,1211,3,2,Sales Executive,1,No,3,4,3
Travel_Frequently,1212,3,2,Sales Executive,2,No,3,0,0
Travel_Frequently,1215,3,4,Manager,1,No,4,2,2
Travel_Rarely,1216,2,1,Laboratory Technician,1,No,3,6,5
Travel_Rarely,1217,3,5,Research Director,2,No,3,4,2
Travel_Rarely,1218,3,2,Sales Executive,1,Yes,3,7,7
Travel_Rarely,1219,3,1,Laboratory Technician,2,No,3,1,0
Travel_Frequently,1220,3,2,Sales Executive,3,No,3,10,7
Travel_Rarely,1221,1,1,Laboratory Technician,3,No,3,7,7
Travel_Rarely,1224,3,2,Laboratory Technician,3,No,3,10,7
Travel_Rarely,1225,3,2,Research Scientist,4,No,4,20,11
Travel_Rarely,1226,4,1,Sales Representative,4,No,3,2,1
Travel_Rarely,1228,3,2,Manufacturing Director,4,No,3,6,3
Travel_Rarely,1233,4,2,Sales Executive,4,Yes,3,11,7
Travel_Frequently,1234,2,1,Laboratory Technician,2,No,4,2,2
Travel_Frequently,1235,3,2,Research Scientist,3,Yes,3,8,7
Travel_Rarely,1237,1,3,Manufacturing Director,1,Yes,4,7,7
Travel_Rarely,1238,3,1,Research Scientist,4,No,3,14,10
Travel_Rarely,1239,2,2,Sales Executive,2,No,3,5,1
Travel_Rarely,1240,3,2,Sales Executive,4,No,3,4,3
Travel_Rarely,1241,3,1,Research Scientist,2,Yes,4,11,9
Travel_Frequently,1242,3,3,Research Director,1,Yes,3,1,0
Travel_Rarely,1244,3,1,Research Scientist,1,Yes,3,9,7
Travel_Frequently,1245,3,3,Manufacturing Director,3,No,3,5,4
Travel_Rarely,1246,4,1,Research Scientist,4,No,3,10,5
Travel_Rarely,1249,3,1,Research Scientist,4,No,3,3,2
Travel_Rarely,1250,3,4,Research Director,4,No,3,10,9
Travel_Rarely,1251,3,2,Healthcare Representative,1,Yes,3,6,5
Travel_Rarely,1252,2,2,Healthcare Representative,1,No,3,10,9
Travel_Rarely,1254,2,2,Sales Executive,4,No,3,6,1
Travel_Rarely,1255,1,5,Research Director,4,No,3,8,7
Travel_Rarely,1256,2,5,Manager,3,No,3,1,0
Travel_Frequently,1257,3,1,Research Scientist,2,No,3,11,10
Travel_Rarely,1258,4,1,Laboratory Technician,2,No,3,1,0
Travel_Rarely,1259,3,1,Research Scientist,3,No,3,5,3
Travel_Rarely,1260,3,2,Healthcare Representative,4,Yes,3,6,0
Travel_Rarely,1263,2,5,Research Director,4,No,3,1,0
Travel_Rarely,1264,2,4,Research Director,4,No,3,7,7
Travel_Rarely,1265,4,1,Research Scientist,3,No,3,1,0
Travel_Rarely,1267,3,5,Manager,2,No,3,22,9
Travel_Rarely,1268,4,3,Sales Executive,3,Yes,3,9,8
Travel_Rarely,1269,4,1,Research Scientist,4,Yes,3,1,0
Travel_Rarely,1270,3,1,Research Scientist,3,No,4,1,0
Travel_Frequently,1273,1,1,Sales Representative,4,Yes,3,1,0
Travel_Rarely,1275,3,1,Research Scientist,4,Yes,4,8,5
Travel_Rarely,1277,1,5,Manager,2,Yes,3,24,10
Travel_Frequently,1279,2,1,Laboratory Technician,3,No,4,2,2
Travel_Rarely,1280,2,5,Manager,2,No,3,11,4
Travel_Rarely,1281,3,2,Sales Executive,1,Yes,3,3,2
Travel_Frequently,1282,3,5,Manager,2,Yes,4,29,10
Travel_Rarely,1283,3,3,Manufacturing Director,4,No,3,9,7
Travel_Frequently,1285,3,2,Laboratory Technician,2,No,3,11,8
Travel_Frequently,1286,3,1,Laboratory Technician,3,Yes,3,4,2
Travel_Rarely,1288,4,5,Manager,1,No,3,25,9
Travel_Frequently,1289,2,2,Human Resources,2,No,3,10,9
Travel_Rarely,1291,3,1,Research Scientist,3,Yes,3,3,2
Travel_Rarely,1292,4,2,Research Scientist,2,Yes,3,1,0
Travel_Rarely,1293,2,3,Sales Executive,4,No,3,21,7
Travel_Rarely,1294,3,2,Manufacturing Director,2,Yes,3,16,14
Travel_Rarely,1295,3,3,Healthcare Representative,4,No,3,10,7
Travel_Frequently,1296,2,1,Laboratory Technician,4,Yes,3,2,2
Travel_Frequently,1297,2,1,Laboratory Technician,3,No,3,7,0
Travel_Rarely,1299,3,1,Laboratory Technician,3,Yes,3,7,7
Travel_Rarely,1301,3,1,Research Scientist,1,No,3,3,2
Travel_Rarely,1303,3,1,Research Scientist,2,No,3,2,2
Travel_Rarely,1304,4,2,Sales Executive,4,No,3,10,7
Travel_Frequently,1306,3,5,Manager,2,No,4,0,0
Travel_Rarely,1307,2,4,Manager,2,Yes,3,19,9
Travel_Rarely,1308,3,1,Research Scientist,3,No,3,2,2
Travel_Rarely,1309,3,2,Laboratory Technician,3,No,3,10,4
Travel_Rarely,1310,3,1,Research Scientist,1,No,3,5,2
Travel_Rarely,1311,2,2,Laboratory Technician,4,No,3,9,2
Travel_Rarely,1312,3,3,Healthcare Representative,3,No,3,7,7
Travel_Rarely,1314,3,1,Human Resources,1,No,3,7,6
Travel_Rarely,1317,3,4,Research Director,1,Yes,3,3,2
Travel_Rarely,1318,2,3,Sales Executive,2,Yes,3,5,4
Travel_Rarely,1319,3,3,Sales Executive,2,Yes,3,8,7
Travel_Rarely,1321,3,3,Manager,1,Yes,4,9,1
Travel_Rarely,1322,3,2,Manufacturing Director,3,No,3,8,7
Travel_Frequently,1331,3,1,Sales Representative,2,Yes,3,3,2
Travel_Rarely,1333,3,1,Laboratory Technician,1,No,3,3,2
Travel_Rarely,1336,1,5,Manager,3,No,3,19,9
Travel_Rarely,1338,3,5,Manager,2,No,3,7,3
Travel_Rarely,1344,3,3,Healthcare Representative,4,No,3,9,7
Travel_Rarely,1346,3,2,Research Scientist,4,No,3,9,8
Travel_Frequently,1349,3,2,Sales Executive,1,No,3,9,3
Travel_Frequently,1350,3,2,Research Scientist,3,Yes,3,9,6
Travel_Rarely,1352,3,4,Manager,2,Yes,3,33,9
Travel_Rarely,1355,3,2,Sales Executive,1,No,3,7,7
Travel_Rarely,1356,3,2,Sales Executive,1,No,3,10,8
Travel_Rarely,1358,3,1,Laboratory Technician,4,No,3,3,2
Travel_Rarely,1360,2,3,Manufacturing Director,1,Yes,3,10,9
Travel_Rarely,1361,3,1,Laboratory Technician,2,No,4,4,2
Travel_Frequently,1362,4,2,Sales Executive,1,No,3,15,7
Travel_Rarely,1363,3,3,Manufacturing Director,4,No,3,10,9
Travel_Rarely,1364,4,1,Sales Representative,4,No,3,1,0
Travel_Rarely,1367,2,4,Manufacturing Director,2,No,3,5,2
Travel_Rarely,1369,2,2,Laboratory Technician,4,No,3,9,7
Travel_Frequently,1371,1,2,Sales Executive,4,No,4,6,2
Travel_Rarely,1372,4,4,Sales Executive,3,Yes,3,19,7
Travel_Rarely,1373,3,4,Manufacturing Director,2,Yes,3,19,16
Travel_Rarely,1375,4,2,Healthcare Representative,3,No,4,12,11
Travel_Rarely,1377,3,2,Laboratory Technician,3,No,3,8,7
Travel_Frequently,1379,2,1,Sales Representative,4,No,3,1,0
Travel_Frequently,1380,3,2,Sales Executive,3,Yes,3,4,2
Travel_Frequently,1382,4,1,Research Scientist,3,No,3,4,2
Travel_Rarely,1383,3,2,Healthcare Representative,4,No,3,14,11
Travel_Rarely,1387,2,2,Sales Executive,1,No,3,5,3
Travel_Rarely,1389,3,2,Manufacturing Director,3,Yes,3,10,2
Travel_Rarely,1390,2,2,Sales Executive,4,Yes,3,5,4
Travel_Frequently,1391,3,3,Sales Executive,2,No,3,4,2
Travel_Frequently,1392,3,2,Research Scientist,4,Yes,3,6,2
Travel_Rarely,1394,3,1,Research Scientist,3,Yes,3,6,4
Travel_Frequently,1395,3,2,Sales Executive,4,No,3,5,4
Travel_Rarely,1396,3,2,Sales Executive,2,Yes,3,3,2
Travel_Rarely,1399,4,2,Sales Executive,3,No,3,3,2
Travel_Frequently,1401,4,4,Manufacturing Director,3,Yes,3,5,3
Travel_Rarely,1402,2,2,Research Scientist,3,Yes,3,20,7
Travel_Rarely,1403,2,2,Sales Executive,4,Yes,3,6,2
Travel_Rarely,1405,3,1,Research Scientist,3,Yes,3,8,2
Travel_Rarely,1407,2,1,Research Scientist,4,No,3,4,3
Travel_Rarely,1408,3,4,Manager,1,No,3,20,7
Travel_Rarely,1409,3,1,Laboratory Technician,1,No,3,5,4
Travel_Rarely,1411,3,1,Laboratory Technician,3,No,3,3,2
Travel_Frequently,1412,3,3,Manufacturing Director,4,No,3,2,2
Travel_Rarely,1415,3,1,Laboratory Technician,4,No,3,3,2
Travel_Rarely,1417,4,1,Laboratory Technician,1,No,3,7,7
Travel_Rarely,1419,2,3,Human Resources,1,No,3,10,9
Travel_Frequently,1420,2,2,Laboratory Technician,1,No,4,4,3
Travel_Frequently,1421,3,3,Healthcare Representative,4,Yes,3,8,7
Travel_Rarely,1422,3,4,Research Director,4,No,3,20,7
Travel_Rarely,1423,3,5,Research Director,1,Yes,4,9,8
Travel_Rarely,1424,4,4,Research Director,4,No,3,7,7
Travel_Rarely,1425,3,2,Sales Executive,2,Yes,3,5,4
Travel_Frequently,1427,1,1,Sales Representative,3,No,3,1,0
Travel_Rarely,1428,3,2,Sales Executive,1,No,3,3,2
Travel_Rarely,1430,3,4,Research Director,2,No,3,3,2
Travel_Frequently,1431,3,1,Research Scientist,1,No,3,4,3
Travel_Rarely,1433,2,1,Research Scientist,2,No,3,1,0
Travel_Rarely,1434,3,1,Laboratory Technician,1,No,3,5,0
Travel_Rarely,1435,2,2,Laboratory Technician,4,No,3,10,4
Travel_Rarely,1436,2,2,Sales Executive,1,No,3,3,2
Travel_Rarely,1438,3,1,Research Scientist,4,No,3,6,5
Travel_Rarely,1439,2,1,Sales Representative,1,No,3,3,2
Travel_Rarely,1441,3,1,Research Scientist,1,No,4,3,2
Travel_Rarely,1443,3,4,Research Director,3,No,3,20,17
Travel_Rarely,1445,3,2,Sales Executive,3,Yes,3,5,4
Travel_Rarely,1446,3,2,Sales Executive,4,No,3,4,3
Travel_Rarely,1447,2,1,Laboratory Technician,2,No,3,5,4
Travel_Rarely,1448,4,1,Research Scientist,3,Yes,3,4,2
Travel_Rarely,1453,3,3,Sales Executive,4,No,3,13,7
Travel_Rarely,1457,3,3,Sales Executive,4,No,3,7,7
Travel_Frequently,1459,4,3,Manufacturing Director,2,No,3,10,8
Travel_Rarely,1460,1,3,Healthcare Representative,1,Yes,3,7,7
Travel_Rarely,1461,4,1,Human Resources,2,No,3,3,2
Travel_Frequently,1464,3,1,Laboratory Technician,4,Yes,3,2,2
Travel_Rarely,1465,3,3,Manufacturing Director,4,Yes,3,3,1
Travel_Rarely,1466,3,2,Sales Executive,1,No,3,2,2
Travel_Rarely,1467,3,1,Human Resources,3,No,3,2,2
Travel_Rarely,1469,3,2,Sales Executive,1,No,3,5,4
Travel_Rarely,1472,4,4,Research Director,2,No,3,9,8
Travel_Rarely,1473,3,2,Healthcare Representative,3,No,3,3,2
Travel_Rarely,1474,3,1,Research Scientist,3,No,3,3,1
Travel_Rarely,1475,3,1,Research Scientist,2,No,3,5,2
Travel_Frequently,1477,3,2,Sales Executive,1,No,3,4,3
Travel_Rarely,1478,1,2,Sales Executive,1,No,3,13,9
Travel_Rarely,1479,3,2,Sales Executive,3,No,3,2,1
Travel_Frequently,1480,3,1,Laboratory Technician,4,No,3,12,9
Travel_Frequently,1481,3,2,Sales Executive,3,No,3,1,0
Travel_Rarely,1483,4,2,Research Scientist,3,No,4,12,9
Travel_Rarely,1484,3,3,Healthcare Representative,2,No,3,8,7
Travel_Frequently,1485,3,4,Research Director,1,No,3,14,8
Travel_Frequently,1486,3,1,Sales Representative,3,No,3,3,2
Travel_Frequently,1487,3,2,Sales Executive,2,No,3,5,3
Travel_Rarely,1489,2,2,Sales Executive,2,Yes,4,15,9
Travel_Rarely,1492,3,1,Sales Representative,3,No,3,1,0
Travel_Frequently,1494,3,1,Laboratory Technician,1,Yes,3,0,0
Travel_Frequently,1496,3,3,Manufacturing Director,3,Yes,3,2,2
Travel_Rarely,1497,2,2,Sales Executive,3,No,3,10,7
Travel_Rarely,1499,3,1,Human Resources,3,No,4,5,3
Travel_Rarely,1501,3,2,Healthcare Representative,3,Yes,3,3,2
Travel_Rarely,1502,2,1,Laboratory Technician,2,No,3,5,4
Travel_Rarely,1503,3,2,Sales Executive,3,Yes,3,5,4
Travel_Frequently,1504,2,1,Laboratory Technician,1,No,3,0,0
Travel_Rarely,1506,2,1,Research Scientist,3,No,3,1,0
Travel_Frequently,1507,3,2,Sales Executive,1,No,3,4,2
Travel_Rarely,1509,2,2,Laboratory Technician,1,No,4,3,2
Travel_Frequently,1513,3,1,Laboratory Technician,2,No,3,3,2
Travel_Rarely,1514,1,2,Manufacturing Director,2,No,3,8,6
Travel_Rarely,1515,3,2,Healthcare Representative,3,Yes,3,0,0
Travel_Rarely,1516,3,3,Manager,4,No,4,5,2
Travel_Frequently,1520,3,4,Manager,4,No,4,14,9
Travel_Rarely,1522,2,1,Research Scientist,1,No,3,9,7
Travel_Rarely,1523,3,4,Research Director,1,No,3,20,6
Travel_Rarely,1525,3,3,Manufacturing Director,2,No,3,2,0
Travel_Rarely,1527,3,4,Manager,2,No,3,13,12
Travel_Rarely,1529,2,3,Healthcare Representative,2,No,3,11,8
Travel_Rarely,1533,3,2,Laboratory Technician,3,No,3,4,3
Travel_Rarely,1534,3,1,Laboratory Technician,1,No,3,5,4
Travel_Rarely,1535,2,3,Sales Executive,3,Yes,3,10,9
Travel_Frequently,1537,3,1,Research Scientist,3,No,3,7,2
Travel_Frequently,1539,1,4,Research Director,4,Yes,3,32,6
Travel_Rarely,1541,3,1,Sales Representative,3,Yes,4,11,10
Travel_Rarely,1542,2,1,Laboratory Technician,2,No,3,1,0
Travel_Rarely,1543,3,2,Research Scientist,4,No,3,10,8
Travel_Rarely,1544,1,2,Healthcare Representative,1,No,3,7,7
Travel_Rarely,1545,2,2,Manufacturing Director,2,No,3,5,3
Travel_Rarely,1546,3,1,Research Scientist,4,No,4,5,4
Travel_Frequently,1547,3,3,Healthcare Representative,4,Yes,3,20,8
Travel_Rarely,1548,3,2,Sales Executive,1,No,3,8,4
Travel_Rarely,1549,3,2,Laboratory Technician,3,Yes,3,15,14
Travel_Rarely,1550,3,4,Manager,4,Yes,4,21,7
Travel_Rarely,1551,2,1,Laboratory Technician,1,No,3,1,1
Travel_Rarely,1553,3,3,Healthcare Representative,2,No,3,10,8
Travel_Rarely,1554,2,1,Sales Representative,3,No,4,5,3
Travel_Rarely,1555,2,2,Research Scientist,2,No,3,7,1
Travel_Rarely,1556,3,1,Sales Representative,4,Yes,4,3,2
Travel_Rarely,1557,3,2,Sales Executive,3,No,3,8,7
Travel_Rarely,1558,4,1,Research Scientist,3,No,3,1,0
Travel_Rarely,1560,3,2,Sales Executive,1,No,3,2,2
Travel_Rarely,1562,2,2,Sales Executive,1,No,3,10,8
Travel_Frequently,1563,3,2,Human Resources,3,No,3,6,3
Travel_Rarely,1564,2,1,Laboratory Technician,1,No,3,3,0
Travel_Rarely,1568,3,3,Sales Executive,2,No,3,4,2
Travel_Rarely,1569,3,1,Laboratory Technician,1,Yes,3,1,0
Travel_Rarely,1572,2,3,Manufacturing Director,4,No,3,33,7
Travel_Rarely,1573,3,2,Manufacturing Director,2,No,3,5,2
Travel_Rarely,1576,3,1,Research Scientist,1,No,3,8,2
Travel_Rarely,1577,3,1,Research Scientist,4,No,3,1,0
Travel_Rarely,1578,2,5,Manager,4,No,4,36,6
Travel_Rarely,1580,3,2,Research Scientist,4,No,3,2,2
Travel_Rarely,1581,3,1,Research Scientist,4,No,4,1,0
Travel_Rarely,1582,3,2,Sales Executive,2,No,3,9,8
Travel_Rarely,1583,3,2,Sales Executive,2,No,3,3,2
Travel_Rarely,1585,3,2,Sales Executive,3,No,3,1,0
Travel_Rarely,1586,3,1,Laboratory Technician,1,Yes,3,10,9
Travel_Rarely,1587,3,2,Healthcare Representative,3,Yes,3,5,2
Travel_Rarely,1588,4,3,Sales Executive,3,No,3,7,6
Travel_Frequently,1590,3,2,Healthcare Representative,4,No,3,6,4
Travel_Rarely,1591,3,5,Manager,3,Yes,3,1,0
Travel_Rarely,1592,4,1,Research Scientist,3,No,3,2,2
Travel_Frequently,1594,4,2,Laboratory Technician,1,Yes,3,3,2
Travel_Rarely,1595,2,5,Manager,4,No,4,1,0
Travel_Rarely,1596,4,2,Laboratory Technician,3,No,3,10,9
Travel_Frequently,1597,2,2,Healthcare Representative,3,No,3,8,2
Travel_Rarely,1598,3,2,Sales Executive,1,No,3,5,4
Travel_Rarely,1599,4,1,Laboratory Technician,2,No,3,6,4
Travel_Rarely,1601,2,1,Laboratory Technician,4,No,3,1,0
Travel_Rarely,1602,4,4,Manager,1,No,3,26,0
Travel_Rarely,1604,3,1,Laboratory Technician,2,Yes,3,1,1
Travel_Frequently,1606,3,4,Healthcare Representative,3,Yes,3,30,8
Travel_Rarely,1607,4,1,Research Scientist,4,No,3,3,2
Travel_Rarely,1608,3,5,Research Director,4,Yes,3,22,7
Travel_Rarely,1609,2,1,Research Scientist,2,No,3,6,4
Travel_Rarely,1611,1,2,Laboratory Technician,1,Yes,3,10,7
Travel_Frequently,1613,3,2,Sales Executive,1,No,3,5,2
Travel_Rarely,1614,3,2,Manufacturing Director,3,Yes,3,3,2
Travel_Frequently,1615,4,2,Manufacturing Director,4,No,3,9,7
Travel_Rarely,1617,3,1,Laboratory Technician,1,No,3,9,6
Travel_Rarely,1618,3,2,Manufacturing Director,1,No,3,7,7
Travel_Rarely,1619,2,1,Laboratory Technician,1,No,3,7,7
Travel_Rarely,1621,4,2,Research Scientist,1,No,3,16,15
Travel_Rarely,1622,1,2,Manufacturing Director,1,No,4,5,3
Travel_Rarely,1623,3,1,Research Scientist,4,No,3,2,2
Travel_Frequently,1624,3,1,Sales Representative,4,Yes,3,0,0
Travel_Rarely,1625,3,5,Manager,3,No,3,5,2
Travel_Rarely,1627,2,2,Laboratory Technician,3,No,3,10,8
Travel_Rarely,1628,2,3,Manufacturing Director,3,No,3,18,15
Travel_Rarely,1631,3,2,Manufacturing Director,3,No,3,4,3
Travel_Frequently,1633,3,2,Manufacturing Director,3,No,3,9,2
Travel_Rarely,1635,2,2,Manufacturing Director,4,No,3,10,7
Travel_Rarely,1638,2,3,Manufacturing Director,3,Yes,3,5,4
Travel_Rarely,1639,2,3,Sales Executive,1,No,3,13,12
Travel_Rarely,1640,3,1,Research Scientist,2,No,3,8,4
Travel_Rarely,1641,3,3,Manufacturing Director,4,Yes,3,4,2
Travel_Frequently,1642,3,2,Human Resources,4,Yes,3,10,7
Travel_Frequently,1644,2,4,Manager,4,No,4,2,2
Travel_Rarely,1645,1,2,Sales Executive,4,Yes,3,2,2
Travel_Frequently,1646,3,1,Research Scientist,4,Yes,3,6,3
Travel_Rarely,1647,4,1,Research Scientist,3,No,3,3,2
Travel_Frequently,1648,3,1,Research Scientist,4,No,3,4,2
Travel_Rarely,1649,3,1,Laboratory Technician,1,Yes,3,4,2
Travel_Rarely,1650,2,2,Sales Executive,3,No,3,5,2
Travel_Rarely,1651,3,3,Healthcare Representative,1,No,3,3,2
Travel_Frequently,1653,4,2,Manufacturing Director,3,No,3,7,7
Travel_Rarely,1654,3,2,Manufacturing Director,2,No,4,5,4
Travel_Rarely,1655,3,4,Research Director,2,No,3,4,2
Travel_Rarely,1656,2,3,Research Director,1,No,3,14,11
Travel_Rarely,1657,3,1,Sales Representative,3,No,3,2,2
Travel_Rarely,1658,3,2,Research Scientist,2,No,3,11,8
Travel_Rarely,1659,3,1,Laboratory Technician,2,No,3,4,3
Travel_Rarely,1661,2,4,Healthcare Representative,3,Yes,3,15,11
Travel_Rarely,1664,4,2,Healthcare Representative,1,No,4,5,4
Travel_Rarely,1665,3,4,Manager,3,No,4,10,8
Travel_Rarely,1666,2,4,Research Director,3,No,4,14,10
Travel_Frequently,1667,3,2,Sales Executive,4,Yes,4,11,9
Travel_Frequently,1668,3,2,Research Scientist,4,No,3,13,11
Travel_Rarely,1669,2,2,Sales Executive,2,Yes,3,10,0
Travel_Rarely,1670,3,2,Sales Executive,4,No,3,6,2
Travel_Rarely,1671,3,2,Research Scientist,2,No,3,9,5
Travel_Rarely,1673,3,2,Sales Executive,4,No,3,10,0
Travel_Rarely,1674,3,1,Laboratory Technician,1,Yes,3,2,2
Travel_Frequently,1675,2,1,Laboratory Technician,2,No,4,4,3
Travel_Rarely,1676,4,4,Manager,2,No,3,3,2
Travel_Rarely,1677,3,4,Manager,3,No,3,8,7
Travel_Rarely,1678,3,3,Sales Executive,3,Yes,3,2,0
Travel_Rarely,1680,3,1,Sales Representative,1,No,3,2,2
Travel_Rarely,1682,3,2,Healthcare Representative,3,No,3,3,2
Travel_Rarely,1683,3,1,Human Resources,4,Yes,3,2,2
Travel_Rarely,1684,2,1,Laboratory Technician,3,Yes,3,5,4
Travel_Rarely,1687,3,1,Laboratory Technician,3,No,3,0,0
Travel_Rarely,1689,4,3,Healthcare Representative,4,No,3,4,3
Travel_Frequently,1691,3,1,Sales Representative,3,Yes,3,9,7
Travel_Rarely,1692,3,1,Laboratory Technician,2,No,3,1,0
Travel_Rarely,1694,2,1,Research Scientist,2,No,3,4,2
Travel_Rarely,1696,2,2,Laboratory Technician,4,No,3,15,10
Travel_Rarely,1697,1,3,Healthcare Representative,4,No,4,1,0
Travel_Rarely,1698,4,1,Laboratory Technician,2,No,3,14,11
Travel_Frequently,1700,1,2,Sales Executive,4,No,3,6,3
Travel_Rarely,1701,2,1,Research Scientist,4,No,3,10,9
Travel_Rarely,1702,3,1,Sales Representative,4,Yes,4,3,2
Travel_Rarely,1703,4,3,Healthcare Representative,4,Yes,3,8,7
Travel_Frequently,1704,2,1,Research Scientist,4,Yes,3,5,4
Travel_Rarely,1706,3,2,Sales Executive,4,Yes,3,10,9
Travel_Rarely,1707,4,1,Research Scientist,3,No,3,5,3
Travel_Rarely,1708,3,3,Sales Executive,3,No,3,10,8
Travel_Rarely,1709,3,1,Laboratory Technician,3,No,3,5,3
Travel_Rarely,1710,3,2,Sales Representative,4,No,3,13,7
Travel_Rarely,1714,1,1,Human Resources,3,No,3,1,0
Travel_Frequently,1716,1,4,Sales Executive,3,No,3,23,5
Travel_Rarely,1718,1,1,Laboratory Technician,3,No,3,3,2
Travel_Rarely,1719,2,4,Research Director,2,No,3,21,6
Travel_Frequently,1720,3,1,Research Scientist,3,No,3,5,2
Travel_Rarely,1721,3,1,Laboratory Technician,3,No,3,5,2
Travel_Rarely,1724,3,2,Manufacturing Director,1,Yes,3,1,0
Travel_Rarely,1725,3,1,Laboratory Technician,1,No,3,6,2
Travel_Rarely,1727,3,2,Healthcare Representative,2,No,3,10,7
Travel_Rarely,1728,3,2,Manufacturing Director,3,No,3,7,7
Travel_Rarely,1729,3,1,Research Scientist,4,No,3,10,0
Travel_Rarely,1732,3,3,Sales Executive,4,Yes,3,10,6
Travel_Rarely,1733,2,2,Sales Executive,1,Yes,3,2,2
Travel_Rarely,1734,1,2,Sales Executive,2,No,3,0,0
Travel_Rarely,1735,3,1,Laboratory Technician,2,No,3,3,2
Travel_Frequently,1736,3,2,Manufacturing Director,4,No,4,5,4
Travel_Rarely,1739,1,3,Sales Executive,3,No,3,4,3
Travel_Rarely,1740,3,5,Manager,2,No,3,21,8
Travel_Rarely,1744,1,3,Human Resources,3,No,4,5,0
Travel_Frequently,1745,2,1,Research Scientist,1,No,3,9,7
Travel_Frequently,1746,3,1,Human Resources,4,No,3,2,2
Travel_Frequently,1747,2,1,Human Resources,4,No,3,4,2
Travel_Rarely,1749,3,2,Sales Executive,3,No,3,5,2
Travel_Rarely,1751,3,1,Research Scientist,4,No,3,6,2
Travel_Rarely,1752,1,1,Sales Representative,2,No,3,2,2
Travel_Frequently,1753,4,2,Healthcare Representative,3,Yes,3,3,2
Travel_Rarely,1754,2,3,Sales Executive,1,No,3,7,7
Travel_Rarely,1755,4,1,Research Scientist,4,Yes,3,5,0
Travel_Rarely,1757,3,2,Sales Executive,4,No,3,5,1
Travel_Rarely,1758,3,3,Sales Executive,1,Yes,4,0,0
Travel_Frequently,1760,2,1,Laboratory Technician,2,No,3,6,1
Travel_Rarely,1761,3,3,Sales Executive,3,No,3,1,0
Travel_Rarely,1762,2,1,Research Scientist,1,No,3,1,0
Travel_Rarely,1763,4,2,Healthcare Representative,3,No,3,7,0
Travel_Rarely,1766,1,2,Healthcare Representative,4,Yes,3,1,0
Travel_Frequently,1767,2,1,Research Scientist,3,Yes,3,1,0
Travel_Rarely,1768,3,1,Laboratory Technician,2,No,4,5,3
Travel_Rarely,1770,2,5,Research Director,1,No,3,1,0
Travel_Rarely,1772,3,1,Laboratory Technician,1,No,4,5,3
Travel_Rarely,1778,3,1,Human Resources,4,No,3,9,7
Travel_Rarely,1779,1,2,Sales Executive,4,No,3,2,2
Travel_Rarely,1780,3,1,Sales Representative,2,No,3,1,0
Travel_Rarely,1782,2,1,Laboratory Technician,3,No,3,5,4
Travel_Rarely,1783,3,1,Laboratory Technician,1,Yes,3,1,0
Travel_Rarely,1784,2,2,Sales Executive,4,No,3,12,7
Travel_Rarely,1786,3,3,Manager,3,No,3,2,2
Travel_Rarely,1787,2,2,Sales Executive,2,No,3,5,2
Travel_Rarely,1789,3,5,Research Director,4,Yes,3,2,1
Travel_Rarely,1790,3,3,Healthcare Representative,1,Yes,3,12,8
Travel_Frequently,1792,3,1,Research Scientist,2,Yes,3,5,3
Travel_Rarely,1794,3,2,Human Resources,2,No,3,10,0
Travel_Rarely,1797,3,2,Sales Executive,4,Yes,3,10,7
Travel_Rarely,1798,4,1,Research Scientist,1,No,3,10,8
Travel_Rarely,1799,3,1,Research Scientist,4,No,3,5,3
Travel_Rarely,1800,3,3,Research Director,3,No,4,4,3
Travel_Rarely,1802,3,1,Laboratory Technician,1,No,3,4,3
Travel_Rarely,1803,4,2,Healthcare Representative,1,No,3,0,0
Travel_Frequently,1807,3,2,Laboratory Technician,1,No,3,7,1
Travel_Rarely,1809,3,2,Manufacturing Director,1,No,3,10,3
Travel_Frequently,1812,3,2,Sales Executive,4,No,3,2,1
Travel_Rarely,1814,4,2,Healthcare Representative,2,No,3,3,2
Travel_Rarely,1815,3,3,Sales Executive,3,Yes,3,22,14
Travel_Rarely,1816,3,3,Manufacturing Director,3,No,3,7,7
Travel_Rarely,1818,3,1,Human Resources,2,Yes,3,5,1
Travel_Rarely,1821,3,2,Healthcare Representative,2,No,4,9,7
Travel_Rarely,1822,3,2,Healthcare Representative,4,No,3,5,3
Travel_Rarely,1823,4,2,Sales Executive,3,No,4,10,8
Travel_Rarely,1826,1,1,Laboratory Technician,3,No,3,5,4
Travel_Rarely,1827,2,3,Manufacturing Director,2,Yes,3,22,11
Travel_Rarely,1829,3,2,Healthcare Representative,1,No,3,7,4
Travel_Rarely,1830,3,2,Research Scientist,4,No,3,7,1
Travel_Frequently,1833,3,3,Sales Executive,1,No,3,3,2
Travel_Rarely,1834,3,1,Research Scientist,1,No,4,3,2
Travel_Rarely,1835,1,2,Sales Representative,4,Yes,4,4,2
Travel_Rarely,1836,3,2,Sales Executive,4,No,3,5,3
Travel_Frequently,1837,3,4,Research Director,3,Yes,3,2,2
Travel_Rarely,1842,4,1,Human Resources,1,No,3,1,0
Travel_Rarely,1844,2,1,Human Resources,1,Yes,3,2,2
Travel_Rarely,1847,3,2,Research Scientist,2,Yes,4,1,0
Travel_Frequently,1849,3,2,Sales Executive,4,No,4,7,7
Travel_Frequently,1850,3,1,Laboratory Technician,4,Yes,3,5,4
Travel_Frequently,1852,3,1,Laboratory Technician,4,No,3,11,8
Travel_Frequently,1853,3,2,Sales Executive,4,No,3,0,0
Travel_Rarely,1856,3,1,Laboratory Technician,3,No,3,2,2
Travel_Rarely,1857,3,3,Manufacturing Director,4,No,3,9,8
Travel_Rarely,1859,1,2,Healthcare Representative,3,No,3,7,0
Travel_Rarely,1860,3,1,Laboratory Technician,3,No,3,0,0
Travel_Rarely,1862,2,2,Sales Executive,2,Yes,3,2,2
Travel_Rarely,1863,4,4,Sales Executive,1,No,3,19,17
Travel_Rarely,1864,2,2,Sales Representative,3,No,4,9,8
Travel_Rarely,1865,2,1,Human Resources,2,No,3,1,0
Travel_Rarely,1866,2,5,Manager,3,No,3,16,12
Travel_Rarely,1867,2,5,Research Director,2,No,3,22,10
Travel_Frequently,1868,2,1,Research Scientist,4,Yes,4,1,0
Travel_Rarely,1869,3,3,Sales Executive,2,No,4,8,7
Travel_Frequently,1870,2,1,Research Scientist,1,No,3,7,6
Travel_Rarely,1871,3,2,Research Scientist,4,No,3,2,2
Travel_Rarely,1873,2,1,Research Scientist,4,No,4,5,2
Travel_Rarely,1875,3,1,Sales Representative,2,No,3,1,0
Travel_Rarely,1876,3,1,Sales Representative,4,No,3,1,0
Travel_Rarely,1878,3,1,Research Scientist,2,Yes,4,1,0
Travel_Rarely,1880,2,2,Sales Executive,3,Yes,3,10,9
Travel_Rarely,1881,3,2,Laboratory Technician,3,No,3,10,8
Travel_Rarely,1882,3,3,Sales Executive,4,Yes,3,5,3
Travel_Rarely,1883,3,1,Laboratory Technician,1,No,3,3,2
Travel_Rarely,1885,3,2,Research Scientist,1,Yes,4,5,3
Travel_Rarely,1886,2,2,Manufacturing Director,2,Yes,3,3,2
Travel_Rarely,1888,2,2,Manufacturing Director,4,No,3,9,8
Travel_Frequently,1890,2,2,Human Resources,4,No,4,10,1
Travel_Rarely,1892,3,4,Manager,1,No,3,19,7
Travel_Rarely,1893,2,1,Research Scientist,3,Yes,3,1,0
Travel_Rarely,1898,4,2,Sales Executive,3,No,3,8,7
Travel_Frequently,1900,3,4,Manager,4,No,3,22,17
Travel_Rarely,1903,4,2,Healthcare Representative,1,No,3,2,0
Travel_Rarely,1907,3,1,Laboratory Technician,4,No,3,4,2
Travel_Rarely,1908,2,2,Sales Executive,2,No,3,4,2
Travel_Rarely,1909,3,2,Sales Executive,2,No,4,5,4
Travel_Rarely,1911,3,3,Research Director,1,No,3,13,7
Travel_Rarely,1912,3,2,Sales Executive,4,Yes,3,5,2
Travel_Rarely,1915,2,2,Sales Executive,4,Yes,3,4,2
Travel_Rarely,1916,4,1,Laboratory Technician,3,No,3,2,2
Travel_Frequently,1918,4,1,Laboratory Technician,4,No,3,7,7
Travel_Frequently,1922,3,2,Healthcare Representative,3,No,3,4,2
Travel_Rarely,1924,3,2,Sales Executive,3,No,3,10,4
Travel_Frequently,1927,2,2,Sales Executive,4,Yes,3,7,7
Travel_Frequently,1928,4,1,Sales Representative,1,No,3,1,0
Travel_Rarely,1931,3,1,Research Scientist,2,No,3,5,3
Travel_Frequently,1932,2,2,Research Scientist,4,Yes,3,15,10
Travel_Rarely,1933,3,2,Sales Executive,3,Yes,3,2,0
Travel_Rarely,1935,2,2,Sales Executive,1,No,3,0,0
Travel_Rarely,1936,3,2,Manufacturing Director,1,No,4,10,0
Travel_Frequently,1937,2,2,Research Scientist,2,Yes,3,20,11
Travel_Rarely,1938,3,4,Manager,4,Yes,3,1,0
Travel_Frequently,1939,4,1,Research Scientist,3,Yes,3,4,1
Travel_Rarely,1940,3,1,Research Scientist,4,No,3,5,2
Travel_Frequently,1941,3,5,Research Director,4,No,3,5,4
Travel_Rarely,1943,3,2,Sales Executive,4,Yes,3,0,0
Travel_Frequently,1944,2,1,Human Resources,2,No,3,1,0
Travel_Rarely,1945,3,2,Sales Executive,1,No,3,5,3
Travel_Rarely,1950,3,3,Sales Executive,4,No,4,14,8
Travel_Rarely,1951,3,3,Sales Executive,3,No,3,8,7
Travel_Rarely,1952,3,1,Laboratory Technician,1,No,3,7,7
Travel_Rarely,1954,3,2,Healthcare Representative,1,No,3,5,3
Travel_Frequently,1956,1,2,Research Scientist,1,No,4,10,8
Travel_Rarely,1960,2,1,Laboratory Technician,4,No,3,4,1
Travel_Rarely,1961,2,1,Sales Representative,1,No,3,1,0
Travel_Rarely,1962,3,2,Sales Executive,4,Yes,3,10,8
Travel_Rarely,1965,3,2,Sales Executive,4,No,3,7,7
Travel_Rarely,1966,2,2,Manufacturing Director,4,No,4,1,0
Travel_Frequently,1967,3,2,Sales Executive,4,Yes,3,10,7
Travel_Rarely,1968,3,3,Sales Executive,1,Yes,3,2,2
Travel_Rarely,1969,3,2,Research Scientist,3,No,3,4,3
Travel_Frequently,1970,3,2,Healthcare Representative,3,No,4,9,7
Travel_Rarely,1971,3,3,Healthcare Representative,3,No,3,10,9
Travel_Frequently,1972,3,1,Human Resources,2,Yes,3,6,2
Travel_Rarely,1973,4,5,Manager,2,Yes,3,10,9
Travel_Rarely,1974,1,1,Laboratory Technician,4,Yes,3,1,0
Travel_Rarely,1975,3,4,Sales Executive,1,No,3,20,8
Travel_Rarely,1980,3,2,Manufacturing Director,1,Yes,3,5,2
Travel_Rarely,1981,2,2,Healthcare Representative,3,No,3,4,3
Travel_Rarely,1982,3,1,Laboratory Technician,4,No,3,5,2
Travel_Frequently,1985,3,2,Laboratory Technician,3,No,3,10,9
Travel_Rarely,1986,3,2,Sales Executive,2,No,3,11,8
Travel_Rarely,1987,3,1,Human Resources,2,No,3,2,0
Travel_Rarely,1989,3,1,Laboratory Technician,2,No,3,12,8
Travel_Rarely,1992,3,1,Laboratory Technician,3,Yes,3,2,2
Travel_Rarely,1993,3,3,Healthcare Representative,3,No,4,17,14
Travel_Rarely,1995,3,2,Sales Executive,2,No,3,15,13
Travel_Rarely,1996,3,1,Sales Representative,3,No,3,2,2
Travel_Frequently,1997,2,2,Manufacturing Director,3,No,3,8,3
Travel_Rarely,1998,3,2,Research Scientist,1,Yes,3,4,3
Travel_Rarely,1999,3,1,Research Scientist,4,No,4,5,3
Travel_Rarely,2003,3,1,Laboratory Technician,3,Yes,3,2,2
Travel_Rarely,2007,3,1,Research Scientist,3,No,3,3,2
Travel_Rarely,2008,3,2,Research Scientist,3,No,3,10,7
Travel_Rarely,2009,3,2,Healthcare Representative,4,Yes,3,9,7
Travel_Rarely,2010,2,1,Laboratory Technician,2,No,3,6,2
Travel_Rarely,2012,3,1,Laboratory Technician,4,No,3,1,0
Travel_Rarely,2013,2,1,Sales Representative,2,No,3,2,2
Travel_Rarely,2014,3,2,Research Scientist,4,No,3,7,7
Travel_Rarely,2015,1,3,Research Director,3,No,3,18,16
Travel_Rarely,2016,3,3,Sales Executive,4,No,3,14,10
Travel_Rarely,2017,4,3,Research Director,4,Yes,4,16,11
Travel_Rarely,2018,3,2,Sales Executive,3,Yes,4,5,3
Travel_Rarely,2020,3,1,Research Scientist,4,Yes,3,4,3
Travel_Rarely,2021,3,1,Sales Representative,1,Yes,3,2,2
Travel_Frequently,2023,3,1,Sales Representative,1,No,3,1,0
Travel_Rarely,2024,2,3,Sales Executive,4,No,3,9,7
Travel_Frequently,2025,3,2,Manufacturing Director,2,No,3,4,2
Travel_Rarely,2027,3,1,Research Scientist,4,Yes,3,2,2
Travel_Rarely,2031,3,5,Manager,3,No,3,22,6
Travel_Rarely,2032,3,1,Laboratory Technician,3,No,3,10,9
Travel_Rarely,2034,2,4,Manufacturing Director,2,No,4,20,7
Travel_Rarely,2035,2,2,Sales Executive,3,No,4,8,7
Travel_Rarely,2037,2,2,Sales Executive,2,No,3,5,4
Travel_Rarely,2038,3,1,Research Scientist,1,No,3,4,2
Travel_Rarely,2040,3,3,Human Resources,4,Yes,3,9,0
Travel_Rarely,2041,3,2,Sales Executive,4,No,3,10,7
Travel_Frequently,2044,3,2,Sales Executive,3,No,3,6,3
Travel_Rarely,2045,2,2,Sales Executive,4,No,3,6,3
Travel_Rarely,2046,3,2,Sales Executive,3,No,3,5,3
Travel_Rarely,2048,2,1,Research Scientist,3,No,3,2,2
Travel_Frequently,2049,3,2,Healthcare Representative,3,Yes,3,10,2
Travel_Rarely,2051,3,1,Research Scientist,3,No,3,5,3
Travel_Rarely,2052,1,1,Research Scientist,4,No,3,4,3
Travel_Rarely,2053,2,2,Laboratory Technician,2,Yes,3,4,3
Travel_Rarely,2054,2,1,Research Scientist,1,No,3,5,4
Travel_Rarely,2055,2,3,Sales Executive,1,Yes,3,3,2
Travel_Rarely,2056,2,4,Sales Executive,4,No,3,20,9
Travel_Rarely,2060,2,1,Sales Representative,3,No,3,4,2
Travel_Frequently,2061,4,2,Laboratory Technician,4,No,3,5,2
Travel_Rarely,2062,2,3,Healthcare Representative,1,No,3,7,7
Travel_Rarely,2064,4,2,Manufacturing Director,2,Yes,4,6,2
Travel_Frequently,2065,2,2,Sales Executive,2,No,3,9,6
Travel_Rarely,2068,4,2,Laboratory Technician,3,No,3,4,3
