Employee Number,Position,Department,Standard Hours
1,Sales Executive,Sales,80
2,Research Scientist,Research & Development,80
4,Laboratory Technician,Research & Development,80
5,Research Scientist,Research & Development,80
7,Laboratory Technician,Research & Development,80
8,Laboratory Technician,Research & Development,80
10,Laboratory Technician,Research & Development,80
11,Laboratory Technician,Research & Development,80
12,Manufacturing Director,Research & Development,80
13,Healthcare Representative,Research & Development,80
14,Laboratory Technician,Research & Development,80
15,Laboratory Technician,Research & Development,80
16,Research Scientist,Research & Development,80
18,Laboratory Technician,Research & Development,80
19,Laboratory Technician,Research & Development,80
20,Manufacturing Director,Research & Development,80
21,Research Scientist,Research & Development,80
22,Laboratory Technician,Research & Development,80
23,Manager,Sales,80
24,Research Scientist,Research & Development,80
26,Manufacturing Director,Research & Development,80
27,Sales Representative,Sales,80
28,Research Director,Research & Development,80
30,Research Scientist,Research & Development,80
31,Research Scientist,Research & Development,80
32,Manager,Research & Development,80
33,Research Scientist,Research & Development,80
35,Sales Executive,Sales,80
36,Healthcare Representative,Research & Development,80
38,Manager,Sales,80
39,Laboratory Technician,Research & Development,80
40,Healthcare Representative,Research & Development,80
41,Laboratory Technician,Research & Development,80
42,Sales Representative,Sales,80
45,Research Scientist,Research & Development,80
46,Research Scientist,Research & Development,80
47,Sales Representative,Sales,80
49,Sales Representative,Sales,80
51,Research Scientist,Research & Development,80
52,Sales Executive,Sales,80
53,Laboratory Technician,Research & Development,80
54,Laboratory Technician,Research & Development,80
55,Laboratory Technician,Research & Development,80
56,Sales Executive,Sales,80
57,Laboratory Technician,Research & Development,80
58,Research Director,Research & Development,80
60,Sales Executive,Sales,80
61,Research Scientist,Research & Development,80
62,Sales Executive,Sales,80
63,Laboratory Technician,Research & Development,80
64,Laboratory Technician,Research & Development,80
65,Laboratory Technician,Research & Development,80
68,Sales Executive,Sales,80
70,Healthcare Representative,Research & Development,80
72,Sales Executive,Sales,80
73,Research Director,Research & Development,80
74,Sales Executive,Sales,80
75,Laboratory Technician,Research & Development,80
76,Laboratory Technician,Research & Development,80
77,Manufacturing Director,Research & Development,80
78,Manufacturing Director,Research & Development,80
79,Laboratory Technician,Research & Development,80
80,Research Director,Research & Development,80
81,Sales Executive,Sales,80
83,Healthcare Representative,Research & Development,80
84,Manager,Research & Development,80
85,Manufacturing Director,Research & Development,80
86,Research Scientist,Research & Development,80
88,Research Scientist,Research & Development,80
90,Research Scientist,Research & Development,80
91,Sales Executive,Sales,80
94,Research Scientist,Research & Development,80
95,Research Scientist,Research & Development,80
96,Research Scientist,Research & Development,80
97,Laboratory Technician,Research & Development,80
98,Manufacturing Director,Research & Development,80
100,Sales Executive,Sales,80
101,Research Director,Research & Development,80
102,Research Director,Research & Development,80
103,Human Resources,Human Resources,80
104,Laboratory Technician,Research & Development,80
105,Research Scientist,Research & Development,80
106,Sales Executive,Sales,80
107,Research Scientist,Research & Development,80
110,Manufacturing Director,Research & Development,80
112,Manufacturing Director,Research & Development,80
113,Sales Representative,Sales,80
116,Laboratory Technician,Research & Development,80
117,Healthcare Representative,Research & Development,80
118,Sales Executive,Sales,80
119,Healthcare Representative,Research & Development,80
120,Sales Executive,Sales,80
121,Sales Executive,Sales,80
124,Healthcare Representative,Research & Development,80
125,Sales Executive,Sales,80
126,Research Director,Research & Development,80
128,Sales Executive,Sales,80
129,Sales Executive,Sales,80
131,Sales Executive,Sales,80
132,Laboratory Technician,Research & Development,80
133,Human Resources,Human Resources,80
134,Research Scientist,Research & Development,80
137,Laboratory Technician,Research & Development,80
138,Research Scientist,Research & Development,80
139,Healthcare Representative,Research & Development,80
140,Manager,Human Resources,80
141,Research Director,Research & Development,80
142,Sales Executive,Sales,80
143,Research Scientist,Research & Development,80
144,Laboratory Technician,Research & Development,80
145,Healthcare Representative,Research & Development,80
147,Laboratory Technician,Research & Development,80
148,Manager,Human Resources,80
150,Laboratory Technician,Research & Development,80
151,Research Scientist,Research & Development,80
152,Sales Executive,Sales,80
153,Manager,Research & Development,80
154,Sales Executive,Sales,80
155,Laboratory Technician,Research & Development,80
158,Manager,Sales,80
159,Research Scientist,Research & Development,80
160,Sales Executive,Sales,80
161,Research Scientist,Research & Development,80
162,Research Director,Research & Development,80
163,Sales Executive,Sales,80
164,Research Scientist,Research & Development,80
165,Healthcare Representative,Research & Development,80
167,Sales Representative,Sales,80
169,Laboratory Technician,Research & Development,80
170,Manufacturing Director,Research & Development,80
171,Research Scientist,Research & Development,80
174,Sales Executive,Sales,80
175,Sales Executive,Sales,80
176,Sales Executive,Sales,80
177,Human Resources,Human Resources,80
178,Manufacturing Director,Research & Development,80
179,Manufacturing Director,Research & Development,80
182,Sales Executive,Sales,80
183,Sales Executive,Sales,80
184,Human Resources,Human Resources,80
190,Laboratory Technician,Research & Development,80
192,Research Scientist,Research & Development,80
193,Research Scientist,Research & Development,80
194,Research Scientist,Research & Development,80
195,Sales Executive,Sales,80
197,Research Scientist,Research & Development,80
198,Laboratory Technician,Research & Development,80
199,Manager,Research & Development,80
200,Laboratory Technician,Research & Development,80
201,Laboratory Technician,Research & Development,80
202,Research Scientist,Research & Development,80
204,Sales Executive,Sales,80
205,Sales Representative,Sales,80
206,Laboratory Technician,Research & Development,80
207,Sales Executive,Sales,80
208,Manufacturing Director,Research & Development,80
211,Manufacturing Director,Research & Development,80
214,Research Scientist,Research & Development,80
215,Sales Executive,Sales,80
216,Sales Representative,Sales,80
217,Research Scientist,Research & Development,80
218,Research Scientist,Research & Development,80
221,Research Scientist,Research & Development,80
223,Healthcare Representative,Research & Development,80
224,Research Scientist,Research & Development,80
226,Manager,Research & Development,80
227,Research Scientist,Research & Development,80
228,Sales Executive,Sales,80
230,Sales Executive,Sales,80
231,Research Scientist,Research & Development,80
233,Research Scientist,Research & Development,80
235,Sales Representative,Sales,80
238,Laboratory Technician,Research & Development,80
239,Laboratory Technician,Research & Development,80
240,Sales Executive,Sales,80
241,Research Scientist,Research & Development,80
242,Research Scientist,Research & Development,80
243,Laboratory Technician,Research & Development,80
244,Sales Executive,Sales,80
245,Laboratory Technician,Research & Development,80
246,Research Scientist,Research & Development,80
247,Research Scientist,Research & Development,80
248,Sales Representative,Sales,80
249,Laboratory Technician,Research & Development,80
250,Manufacturing Director,Research & Development,80
252,Research Scientist,Research & Development,80
253,Manager,Research & Development,80
254,Research Director,Research & Development,80
256,Manufacturing Director,Research & Development,80
258,Healthcare Representative,Research & Development,80
259,Manager,Research & Development,80
260,Research Scientist,Research & Development,80
261,Manufacturing Director,Research & Development,80
262,Research Scientist,Research & Development,80
264,Manager,Research & Development,80
267,Research Scientist,Research & Development,80
269,Laboratory Technician,Research & Development,80
270,Manufacturing Director,Research & Development,80
271,Manufacturing Director,Research & Development,80
273,Manufacturing Director,Research & Development,80
274,Manufacturing Director,Research & Development,80
275,Manufacturing Director,Research & Development,80
277,Research Scientist,Research & Development,80
281,Laboratory Technician,Research & Development,80
282,Healthcare Representative,Research & Development,80
283,Sales Executive,Sales,80
284,Research Scientist,Research & Development,80
286,Laboratory Technician,Research & Development,80
287,Healthcare Representative,Research & Development,80
288,Healthcare Representative,Research & Development,80
291,Sales Executive,Sales,80
292,Manufacturing Director,Research & Development,80
293,Sales Executive,Sales,80
296,Research Director,Research & Development,80
297,Research Scientist,Research & Development,80
298,Manager,Sales,80
299,Sales Executive,Sales,80
300,Research Scientist,Research & Development,80
302,Sales Executive,Sales,80
303,Sales Executive,Sales,80
304,Laboratory Technician,Research & Development,80
305,Research Scientist,Research & Development,80
306,Research Director,Research & Development,80
307,Sales Executive,Sales,80
308,Manufacturing Director,Research & Development,80
309,Research Scientist,Research & Development,80
311,Sales Representative,Sales,80
312,Sales Executive,Sales,80
314,Sales Executive,Sales,80
315,Research Scientist,Research & Development,80
316,Laboratory Technician,Research & Development,80
319,Manager,Research & Development,80
321,Human Resources,Human Resources,80
323,Manager,Sales,80
325,Laboratory Technician,Research & Development,80
327,Manager,Sales,80
328,Laboratory Technician,Research & Development,80
329,Manager,Sales,80
330,Sales Representative,Sales,80
331,Laboratory Technician,Research & Development,80
332,Laboratory Technician,Research & Development,80
333,Sales Executive,Sales,80
334,Research Scientist,Research & Development,80
335,Research Scientist,Research & Development,80
336,Manager,Research & Development,80
337,Research Director,Research & Development,80
338,Research Scientist,Research & Development,80
339,Manufacturing Director,Research & Development,80
340,Research Scientist,Research & Development,80
341,Manufacturing Director,Research & Development,80
342,Manufacturing Director,Research & Development,80
343,Healthcare Representative,Research & Development,80
346,Research Scientist,Research & Development,80
347,Research Scientist,Research & Development,80
349,Sales Executive,Sales,80
350,Manufacturing Director,Research & Development,80
351,Laboratory Technician,Research & Development,80
352,Research Director,Research & Development,80
353,Research Scientist,Research & Development,80
355,Laboratory Technician,Research & Development,80
359,Laboratory Technician,Research & Development,80
361,Sales Executive,Sales,80
362,Laboratory Technician,Research & Development,80
363,Manager,Sales,80
364,Laboratory Technician,Research & Development,80
366,Sales Executive,Sales,80
367,Healthcare Representative,Research & Development,80
369,Healthcare Representative,Research & Development,80
372,Healthcare Representative,Research & Development,80
373,Laboratory Technician,Research & Development,80
374,Manager,Research & Development,80
376,Manager,Research & Development,80
377,Research Scientist,Research & Development,80
378,Sales Executive,Sales,80
379,Research Scientist,Research & Development,80
380,Research Director,Research & Development,80
381,Manager,Research & Development,80
382,Sales Executive,Sales,80
384,Manufacturing Director,Research & Development,80
385,Research Director,Research & Development,80
386,Research Director,Research & Development,80
387,Sales Executive,Sales,80
388,Sales Executive,Sales,80
389,Laboratory Technician,Research & Development,80
390,Healthcare Representative,Research & Development,80
391,Research Scientist,Research & Development,80
392,Laboratory Technician,Research & Development,80
393,Healthcare Representative,Research & Development,80
394,Laboratory Technician,Research & Development,80
395,Research Scientist,Research & Development,80
396,Research Director,Research & Development,80
397,Research Scientist,Research & Development,80
399,Sales Representative,Sales,80
401,Sales Executive,Sales,80
403,Research Scientist,Research & Development,80
404,Sales Executive,Sales,80
405,Laboratory Technician,Research & Development,80
406,Sales Executive,Sales,80
407,Laboratory Technician,Research & Development,80
408,Manufacturing Director,Research & Development,80
410,Manager,Sales,80
411,Sales Representative,Sales,80
412,Healthcare Representative,Research & Development,80
416,Sales Executive,Sales,80
417,Healthcare Representative,Research & Development,80
419,Laboratory Technician,Research & Development,80
420,Sales Executive,Sales,80
421,Research Director,Research & Development,80
422,Healthcare Representative,Research & Development,80
423,Research Scientist,Research & Development,80
424,Human Resources,Human Resources,80
425,Laboratory Technician,Research & Development,80
426,Research Scientist,Research & Development,80
428,Manager,Research & Development,80
429,Manager,Research & Development,80
430,Laboratory Technician,Research & Development,80
431,Healthcare Representative,Research & Development,80
433,Research Scientist,Research & Development,80
434,Research Scientist,Research & Development,80
436,Sales Executive,Sales,80
437,Sales Executive,Sales,80
438,Sales Executive,Sales,80
439,Research Scientist,Research & Development,80
440,Research Scientist,Research & Development,80
441,Research Scientist,Research & Development,80
442,Manufacturing Director,Research & Development,80
444,Manager,Research & Development,80
445,Sales Executive,Sales,80
446,Sales Executive,Sales,80
447,Research Director,Research & Development,80
448,Laboratory Technician,Research & Development,80
449,Sales Executive,Sales,80
450,Research Scientist,Research & Development,80
451,Healthcare Representative,Research & Development,80
452,Research Scientist,Research & Development,80
453,Sales Executive,Sales,80
454,Laboratory Technician,Research & Development,80
455,Laboratory Technician,Research & Development,80
456,Sales Executive,Sales,80
458,Sales Executive,Sales,80
460,Manufacturing Director,Research & Development,80
461,Research Director,Research & Development,80
462,Manufacturing Director,Research & Development,80
463,Sales Executive,Sales,80
464,Manufacturing Director,Research & Development,80
465,Research Scientist,Research & Development,80
466,Manufacturing Director,Research & Development,80
467,Sales Representative,Sales,80
468,Research Director,Research & Development,80
469,Sales Executive,Sales,80
470,Human Resources,Human Resources,80
471,Laboratory Technician,Research & Development,80
473,Manager,Sales,80
474,Research Scientist,Research & Development,80
475,Sales Executive,Sales,80
476,Sales Executive,Sales,80
477,Healthcare Representative,Research & Development,80
478,Sales Representative,Sales,80
479,Sales Executive,Sales,80
481,Sales Executive,Sales,80
482,Healthcare Representative,Research & Development,80
483,Laboratory Technician,Research & Development,80
484,Sales Representative,Sales,80
485,Sales Representative,Sales,80
486,Laboratory Technician,Research & Development,80
487,Manufacturing Director,Research & Development,80
488,Sales Executive,Sales,80
491,Healthcare Representative,Research & Development,80
492,Sales Executive,Sales,80
493,Research Scientist,Research & Development,80
494,Sales Representative,Sales,80
495,Research Scientist,Research & Development,80
496,Healthcare Representative,Research & Development,80
497,Laboratory Technician,Research & Development,80
498,Sales Executive,Sales,80
499,Healthcare Representative,Research & Development,80
500,Sales Executive,Sales,80
501,Research Scientist,Research & Development,80
502,Sales Executive,Sales,80
505,Manager,Research & Development,80
507,Sales Executive,Sales,80
508,Sales Representative,Sales,80
510,Research Scientist,Research & Development,80
511,Research Scientist,Research & Development,80
513,Sales Executive,Sales,80
514,Research Scientist,Research & Development,80
515,Laboratory Technician,Research & Development,80
516,Sales Executive,Sales,80
517,Laboratory Technician,Research & Development,80
518,Manufacturing Director,Research & Development,80
520,Research Director,Research & Development,80
521,Laboratory Technician,Research & Development,80
522,Research Director,Research & Development,80
523,Sales Executive,Sales,80
524,Manufacturing Director,Research & Development,80
525,Laboratory Technician,Research & Development,80
526,Healthcare Representative,Research & Development,80
527,Sales Executive,Sales,80
529,Research Scientist,Research & Development,80
530,Laboratory Technician,Research & Development,80
531,Manager,Research & Development,80
532,Sales Executive,Sales,80
533,Sales Executive,Sales,80
534,Sales Executive,Sales,80
536,Laboratory Technician,Research & Development,80
538,Laboratory Technician,Research & Development,80
543,Manufacturing Director,Research & Development,80
544,Research Scientist,Research & Development,80
546,Manager,Research & Development,80
547,Research Scientist,Research & Development,80
548,Manufacturing Director,Research & Development,80
549,Manager,Research & Development,80
550,Manufacturing Director,Research & Development,80
551,Healthcare Representative,Research & Development,80
554,Sales Representative,Sales,80
555,Sales Representative,Sales,80
556,Laboratory Technician,Research & Development,80
558,Manager,Sales,80
560,Research Scientist,Research & Development,80
562,Laboratory Technician,Research & Development,80
564,Research Director,Research & Development,80
565,Research Scientist,Research & Development,80
566,Human Resources,Human Resources,80
567,Sales Executive,Sales,80
568,Manager,Sales,80
569,Manager,Research & Development,80
571,Laboratory Technician,Research & Development,80
573,Sales Executive,Sales,80
574,Manufacturing Director,Research & Development,80
575,Research Director,Research & Development,80
577,Laboratory Technician,Research & Development,80
578,Laboratory Technician,Research & Development,80
579,Research Scientist,Research & Development,80
580,Sales Executive,Sales,80
581,Manufacturing Director,Research & Development,80
582,Manager,Research & Development,80
584,Laboratory Technician,Research & Development,80
585,Sales Representative,Sales,80
586,Healthcare Representative,Research & Development,80
587,Healthcare Representative,Research & Development,80
590,Human Resources,Human Resources,80
591,Laboratory Technician,Research & Development,80
592,Sales Executive,Sales,80
593,Laboratory Technician,Research & Development,80
595,Sales Executive,Sales,80
597,Manager,Sales,80
599,Sales Executive,Sales,80
600,Sales Executive,Sales,80
601,Manufacturing Director,Research & Development,80
602,Laboratory Technician,Research & Development,80
604,Sales Executive,Sales,80
605,Manufacturing Director,Research & Development,80
606,Sales Executive,Sales,80
608,Human Resources,Human Resources,80
611,Manufacturing Director,Research & Development,80
612,Research Director,Research & Development,80
613,Manager,Sales,80
614,Sales Representative,Sales,80
615,Sales Executive,Sales,80
616,Healthcare Representative,Research & Development,80
618,Sales Executive,Sales,80
620,Sales Executive,Sales,80
621,Sales Executive,Sales,80
622,Laboratory Technician,Research & Development,80
623,Manufacturing Director,Research & Development,80
624,Healthcare Representative,Research & Development,80
625,Manager,Sales,80
626,Sales Executive,Sales,80
630,Research Scientist,Research & Development,80
631,Sales Executive,Sales,80
632,Sales Representative,Sales,80
634,Healthcare Representative,Research & Development,80
635,Manufacturing Director,Research & Development,80
638,Research Director,Research & Development,80
639,Research Scientist,Research & Development,80
641,Sales Executive,Sales,80
643,Laboratory Technician,Research & Development,80
644,Manager,Human Resources,80
645,Sales Representative,Sales,80
647,Laboratory Technician,Research & Development,80
648,Sales Representative,Sales,80
649,Research Scientist,Research & Development,80
650,Sales Executive,Sales,80
652,Laboratory Technician,Research & Development,80
653,Sales Executive,Sales,80
655,Research Scientist,Research & Development,80
656,Sales Executive,Sales,80
657,Research Scientist,Research & Development,80
659,Healthcare Representative,Research & Development,80
661,Research Director,Research & Development,80
662,Research Scientist,Research & Development,80
663,Laboratory Technician,Research & Development,80
664,Manager,Research & Development,80
665,Human Resources,Human Resources,80
666,Sales Representative,Sales,80
667,Sales Representative,Sales,80
669,Sales Representative,Sales,80
671,Manager,Research & Development,80
675,Research Scientist,Research & Development,80
677,Sales Executive,Sales,80
679,Research Scientist,Research & Development,80
680,Research Scientist,Research & Development,80
682,Sales Executive,Sales,80
683,Research Scientist,Research & Development,80
684,Sales Executive,Sales,80
686,Laboratory Technician,Research & Development,80
689,Manufacturing Director,Research & Development,80
690,Sales Executive,Sales,80
691,Research Scientist,Research & Development,80
692,Healthcare Representative,Research & Development,80
698,Human Resources,Human Resources,80
699,Manufacturing Director,Research & Development,80
700,Research Scientist,Research & Development,80
701,Research Scientist,Research & Development,80
702,Research Scientist,Research & Development,80
704,Laboratory Technician,Research & Development,80
705,Research Scientist,Research & Development,80
707,Sales Executive,Sales,80
709,Sales Executive,Sales,80
710,Research Scientist,Research & Development,80
712,Sales Executive,Sales,80
714,Sales Executive,Sales,80
715,Research Scientist,Research & Development,80
716,Laboratory Technician,Research & Development,80
717,Healthcare Representative,Research & Development,80
720,Sales Executive,Sales,80
721,Healthcare Representative,Research & Development,80
722,Sales Executive,Sales,80
723,Sales Executive,Sales,80
724,Healthcare Representative,Research & Development,80
725,Manufacturing Director,Research & Development,80
727,Research Director,Research & Development,80
728,Sales Executive,Sales,80
729,Sales Executive,Sales,80
730,Research Director,Research & Development,80
731,Manager,Human Resources,80
732,Sales Executive,Sales,80
733,Manufacturing Director,Research & Development,80
734,Manager,Human Resources,80
738,Sales Representative,Sales,80
741,Research Scientist,Research & Development,80
742,Research Director,Research & Development,80
743,Manufacturing Director,Research & Development,80
744,Laboratory Technician,Research & Development,80
746,Sales Executive,Sales,80
747,Sales Executive,Sales,80
749,Sales Representative,Sales,80
752,Research Scientist,Research & Development,80
754,Sales Executive,Sales,80
757,Healthcare Representative,Research & Development,80
758,Laboratory Technician,Research & Development,80
760,Human Resources,Human Resources,80
762,Healthcare Representative,Research & Development,80
763,Research Scientist,Research & Development,80
764,Healthcare Representative,Research & Development,80
766,Sales Representative,Sales,80
769,Laboratory Technician,Research & Development,80
771,Healthcare Representative,Research & Development,80
772,Laboratory Technician,Research & Development,80
773,Research Scientist,Research & Development,80
775,Manufacturing Director,Research & Development,80
776,Manager,Sales,80
780,Research Scientist,Research & Development,80
781,Sales Executive,Sales,80
783,Sales Representative,Sales,80
784,Research Scientist,Research & Development,80
785,Sales Executive,Sales,80
786,Sales Executive,Sales,80
787,Manager,Research & Development,80
789,Sales Executive,Sales,80
791,Research Scientist,Research & Development,80
792,Laboratory Technician,Research & Development,80
793,Healthcare Representative,Research & Development,80
796,Sales Executive,Sales,80
797,Research Scientist,Research & Development,80
799,Manufacturing Director,Research & Development,80
800,Sales Executive,Sales,80
802,Research Scientist,Research & Development,80
803,Manufacturing Director,Research & Development,80
804,Research Scientist,Research & Development,80
805,Sales Representative,Sales,80
806,Laboratory Technician,Research & Development,80
807,Healthcare Representative,Research & Development,80
808,Sales Executive,Sales,80
809,Manager,Research & Development,80
811,Laboratory Technician,Research & Development,80
812,Laboratory Technician,Research & Development,80
813,Laboratory Technician,Research & Development,80
815,Research Director,Research & Development,80
816,Laboratory Technician,Research & Development,80
817,Research Director,Research & Development,80
819,Sales Executive,Sales,80
820,Manager,Research & Development,80
823,Manufacturing Director,Research & Development,80
824,Research Scientist,Research & Development,80
825,Research Director,Research & Development,80
826,Research Scientist,Research & Development,80
827,Manufacturing Director,Research & Development,80
828,Research Scientist,Research & Development,80
829,Human Resources,Human Resources,80
830,Manufacturing Director,Research & Development,80
832,Laboratory Technician,Research & Development,80
833,Manufacturing Director,Research & Development,80
834,Research Scientist,Research & Development,80
836,Manufacturing Director,Research & Development,80
837,Healthcare Representative,Research & Development,80
838,Research Scientist,Research & Development,80
840,Sales Executive,Sales,80
842,Sales Executive,Sales,80
843,Research Director,Research & Development,80
844,Research Director,Research & Development,80
845,Manufacturing Director,Research & Development,80
846,Sales Executive,Sales,80
847,Human Resources,Human Resources,80
848,Research Scientist,Research & Development,80
850,Research Scientist,Research & Development,80
851,Manager,Sales,80
852,Healthcare Representative,Research & Development,80
854,Research Scientist,Research & Development,80
855,Sales Executive,Sales,80
856,Research Scientist,Research & Development,80
857,Sales Executive,Sales,80
859,Sales Executive,Sales,80
861,Research Scientist,Research & Development,80
862,Sales Executive,Sales,80
864,Sales Executive,Sales,80
865,Research Scientist,Research & Development,80
867,Manufacturing Director,Research & Development,80
868,Sales Executive,Sales,80
869,Human Resources,Human Resources,80
872,Manufacturing Director,Research & Development,80
874,Laboratory Technician,Research & Development,80
875,Research Scientist,Research & Development,80
878,Human Resources,Human Resources,80
879,Sales Executive,Sales,80
880,Manufacturing Director,Research & Development,80
881,Research Scientist,Research & Development,80
882,Laboratory Technician,Research & Development,80
885,Sales Executive,Sales,80
887,Research Scientist,Research & Development,80
888,Laboratory Technician,Research & Development,80
889,Sales Executive,Sales,80
893,Sales Representative,Sales,80
894,Laboratory Technician,Research & Development,80
895,Research Scientist,Research & Development,80
896,Sales Representative,Sales,80
897,Sales Executive,Sales,80
899,Manufacturing Director,Research & Development,80
900,Sales Representative,Sales,80
901,Research Director,Research & Development,80
902,Healthcare Representative,Research & Development,80
903,Sales Executive,Sales,80
904,Sales Executive,Sales,80
905,Manager,Research & Development,80
909,Human Resources,Human Resources,80
910,Human Resources,Human Resources,80
911,Laboratory Technician,Research & Development,80
912,Laboratory Technician,Research & Development,80
913,Research Scientist,Research & Development,80
916,Sales Executive,Sales,80
918,Laboratory Technician,Research & Development,80
920,Manufacturing Director,Research & Development,80
922,Sales Representative,Sales,80
923,Research Scientist,Research & Development,80
924,Healthcare Representative,Research & Development,80
925,Sales Representative,Sales,80
926,Manufacturing Director,Research & Development,80
927,Laboratory Technician,Research & Development,80
930,Research Scientist,Research & Development,80
932,Laboratory Technician,Research & Development,80
933,Research Scientist,Research & Development,80
934,Laboratory Technician,Research & Development,80
936,Sales Executive,Sales,80
939,Research Scientist,Research & Development,80
940,Healthcare Representative,Research & Development,80
941,Sales Representative,Sales,80
942,Healthcare Representative,Research & Development,80
944,Laboratory Technician,Research & Development,80
945,Research Scientist,Research & Development,80
947,Sales Executive,Sales,80
949,Research Scientist,Research & Development,80
950,Research Director,Research & Development,80
951,Laboratory Technician,Research & Development,80
952,Sales Representative,Sales,80
954,Sales Executive,Sales,80
956,Sales Executive,Sales,80
957,Laboratory Technician,Research & Development,80
958,Laboratory Technician,Research & Development,80
959,Sales Representative,Sales,80
960,Laboratory Technician,Research & Development,80
961,Healthcare Representative,Research & Development,80
964,Research Scientist,Research & Development,80
966,Manufacturing Director,Research & Development,80
967,Sales Executive,Sales,80
969,Healthcare Representative,Research & Development,80
970,Sales Executive,Sales,80
972,Laboratory Technician,Research & Development,80
974,Sales Representative,Sales,80
975,Sales Executive,Sales,80
976,Manager,Research & Development,80
977,Research Scientist,Research & Development,80
981,Manager,Sales,80
982,Sales Executive,Sales,80
983,Sales Executive,Sales,80
984,Sales Executive,Sales,80
985,Sales Executive,Sales,80
986,Sales Executive,Sales,80
987,Manufacturing Director,Research & Development,80
990,Sales Executive,Sales,80
991,Research Scientist,Research & Development,80
992,Manager,Sales,80
994,Research Scientist,Research & Development,80
995,Research Scientist,Research & Development,80
996,Laboratory Technician,Research & Development,80
997,Research Director,Research & Development,80
998,Healthcare Representative,Research & Development,80
999,Research Director,Research & Development,80
1001,Laboratory Technician,Research & Development,80
1002,Laboratory Technician,Research & Development,80
1003,Sales Executive,Sales,80
1004,Research Scientist,Research & Development,80
1005,Manufacturing Director,Research & Development,80
1006,Research Scientist,Research & Development,80
1007,Manufacturing Director,Research & Development,80
1009,Manufacturing Director,Research & Development,80
1010,Laboratory Technician,Research & Development,80
1011,Manufacturing Director,Research & Development,80
1012,Research Scientist,Research & Development,80
1013,Manufacturing Director,Research & Development,80
1014,Healthcare Representative,Research & Development,80
1015,Research Director,Research & Development,80
1016,Research Scientist,Research & Development,80
1017,Laboratory Technician,Research & Development,80
1018,Manufacturing Director,Research & Development,80
1019,Laboratory Technician,Research & Development,80
1022,Healthcare Representative,Research & Development,80
1024,Healthcare Representative,Research & Development,80
1025,Manufacturing Director,Research & Development,80
1026,Manufacturing Director,Research & Development,80
1027,Manufacturing Director,Research & Development,80
1028,Laboratory Technician,Research & Development,80
1029,Manager,Sales,80
1030,Laboratory Technician,Research & Development,80
1032,Manufacturing Director,Research & Development,80
1033,Healthcare Representative,Research & Development,80
1034,Healthcare Representative,Research & Development,80
1035,Research Director,Research & Development,80
1036,Sales Executive,Sales,80
1037,Sales Executive,Sales,80
1038,Manager,Sales,80
1039,Sales Executive,Sales,80
1040,Sales Executive,Sales,80
1042,Laboratory Technician,Research & Development,80
1043,Manufacturing Director,Research & Development,80
1044,Sales Representative,Sales,80
1045,Manager,Sales,80
1046,Laboratory Technician,Research & Development,80
1047,Sales Executive,Sales,80
1048,Manager,Sales,80
1049,Human Resources,Human Resources,80
1050,Sales Executive,Sales,80
1052,Laboratory Technician,Research & Development,80
1053,Research Scientist,Research & Development,80
1055,Sales Representative,Sales,80
1056,Sales Representative,Sales,80
1060,Research Scientist,Research & Development,80
1061,Research Director,Research & Development,80
1062,Healthcare Representative,Research & Development,80
1066,Sales Executive,Sales,80
1068,Research Scientist,Research & Development,80
1069,Research Director,Research & Development,80
1070,Sales Executive,Sales,80
1071,Research Scientist,Research & Development,80
1073,Manufacturing Director,Research & Development,80
1074,Manager,Research & Development,80
1076,Sales Executive,Sales,80
1077,Sales Representative,Sales,80
1079,Laboratory Technician,Research & Development,80
1080,Research Scientist,Research & Development,80
1081,Research Scientist,Research & Development,80
1082,Healthcare Representative,Research & Development,80
1083,Laboratory Technician,Research & Development,80
1084,Manufacturing Director,Research & Development,80
1085,Research Scientist,Research & Development,80
1088,Healthcare Representative,Research & Development,80
1092,Healthcare Representative,Research & Development,80
1094,Laboratory Technician,Research & Development,80
1096,Manufacturing Director,Research & Development,80
1097,Research Scientist,Research & Development,80
1098,Human Resources,Human Resources,80
1099,Healthcare Representative,Research & Development,80
1100,Sales Executive,Sales,80
1101,Research Scientist,Research & Development,80
1102,Laboratory Technician,Research & Development,80
1103,Healthcare Representative,Research & Development,80
1105,Sales Executive,Sales,80
1106,Laboratory Technician,Research & Development,80
1107,Laboratory Technician,Research & Development,80
1108,Research Scientist,Research & Development,80
1109,Manager,Research & Development,80
1111,Laboratory Technician,Research & Development,80
1113,Sales Executive,Sales,80
1114,Sales Executive,Sales,80
1115,Research Scientist,Research & Development,80
1116,Manager,Research & Development,80
1117,Sales Executive,Sales,80
1118,Healthcare Representative,Research & Development,80
1119,Sales Executive,Sales,80
1120,Research Scientist,Research & Development,80
1121,Manufacturing Director,Research & Development,80
1124,Manager,Sales,80
1125,Sales Executive,Sales,80
1126,Manufacturing Director,Research & Development,80
1127,Healthcare Representative,Research & Development,80
1128,Research Director,Research & Development,80
1131,Research Scientist,Research & Development,80
1132,Laboratory Technician,Research & Development,80
1133,Manufacturing Director,Research & Development,80
1135,Sales Representative,Sales,80
1136,Research Scientist,Research & Development,80
1137,Sales Executive,Sales,80
1138,Sales Executive,Sales,80
1140,Manufacturing Director,Research & Development,80
1143,Research Scientist,Research & Development,80
1148,Laboratory Technician,Research & Development,80
1150,Manufacturing Director,Research & Development,80
1152,Human Resources,Human Resources,80
1154,Research Scientist,Research & Development,80
1156,Laboratory Technician,Research & Development,80
1157,Sales Executive,Sales,80
1158,Laboratory Technician,Research & Development,80
1160,Laboratory Technician,Research & Development,80
1161,Healthcare Representative,Research & Development,80
1162,Research Scientist,Research & Development,80
1163,Sales Executive,Sales,80
1164,Human Resources,Human Resources,80
1165,Sales Executive,Sales,80
1166,Research Director,Research & Development,80
1167,Sales Executive,Sales,80
1171,Sales Executive,Sales,80
1172,Laboratory Technician,Research & Development,80
1173,Laboratory Technician,Research & Development,80
1175,Laboratory Technician,Research & Development,80
1177,Laboratory Technician,Research & Development,80
1179,Sales Executive,Sales,80
1180,Research Scientist,Research & Development,80
1182,Manufacturing Director,Research & Development,80
1184,Healthcare Representative,Research & Development,80
1185,Laboratory Technician,Research & Development,80
1188,Sales Executive,Sales,80
1190,Sales Representative,Sales,80
1191,Manager,Research & Development,80
1192,Laboratory Technician,Research & Development,80
1193,Research Scientist,Research & Development,80
1195,Research Scientist,Research & Development,80
1196,Manufacturing Director,Research & Development,80
1198,Laboratory Technician,Research & Development,80
1200,Research Scientist,Research & Development,80
1201,Manager,Research & Development,80
1202,Research Scientist,Research & Development,80
1203,Research Scientist,Research & Development,80
1204,Manager,Sales,80
1206,Research Scientist,Research & Development,80
1207,Human Resources,Human Resources,80
1210,Research Scientist,Research & Development,80
1211,Sales Executive,Sales,80
1212,Sales Executive,Sales,80
1215,Manager,Research & Development,80
1216,Laboratory Technician,Research & Development,80
1217,Research Director,Research & Development,80
1218,Sales Executive,Sales,80
1219,Laboratory Technician,Research & Development,80
1220,Sales Executive,Sales,80
1221,Laboratory Technician,Research & Development,80
1224,Laboratory Technician,Research & Development,80
1225,Research Scientist,Research & Development,80
1226,Sales Representative,Sales,80
1228,Manufacturing Director,Research & Development,80
1231,Human Resources,Human Resources,80
1233,Sales Executive,Sales,80
1234,Laboratory Technician,Research & Development,80
1235,Research Scientist,Research & Development,80
1237,Manufacturing Director,Research & Development,80
1238,Research Scientist,Research & Development,80
1239,Sales Executive,Sales,80
1240,Sales Executive,Sales,80
1241,Research Scientist,Research & Development,80
1242,Research Director,Research & Development,80
1243,Sales Executive,Sales,80
1244,Research Scientist,Research & Development,80
1245,Manufacturing Director,Research & Development,80
1246,Research Scientist,Research & Development,80
1248,Research Scientist,Research & Development,80
1249,Research Scientist,Research & Development,80
1250,Research Director,Research & Development,80
1251,Healthcare Representative,Research & Development,80
1252,Healthcare Representative,Research & Development,80
1254,Sales Executive,Sales,80
1255,Research Director,Research & Development,80
1256,Manager,Research & Development,80
1257,Research Scientist,Research & Development,80
1258,Laboratory Technician,Research & Development,80
1259,Research Scientist,Research & Development,80
1260,Healthcare Representative,Research & Development,80
1263,Research Director,Research & Development,80
1264,Research Director,Research & Development,80
1265,Research Scientist,Research & Development,80
1267,Manager,Sales,80
1268,Sales Executive,Sales,80
1269,Research Scientist,Research & Development,80
1270,Research Scientist,Research & Development,80
1273,Sales Representative,Sales,80
1275,Research Scientist,Research & Development,80
1277,Manager,Sales,80
1278,Healthcare Representative,Research & Development,80
1279,Laboratory Technician,Research & Development,80
1280,Manager,Sales,80
1281,Sales Executive,Sales,80
1282,Manager,Sales,80
1283,Manufacturing Director,Research & Development,80
1285,Laboratory Technician,Research & Development,80
1286,Laboratory Technician,Research & Development,80
1288,Manager,Research & Development,80
1289,Human Resources,Human Resources,80
1291,Research Scientist,Research & Development,80
1292,Research Scientist,Research & Development,80
1293,Sales Executive,Sales,80
1294,Manufacturing Director,Research & Development,80
1295,Healthcare Representative,Research & Development,80
1296,Laboratory Technician,Research & Development,80
1297,Laboratory Technician,Research & Development,80
1298,Manufacturing Director,Research & Development,80
1299,Laboratory Technician,Research & Development,80
1301,Research Scientist,Research & Development,80
1303,Research Scientist,Research & Development,80
1304,Sales Executive,Sales,80
1306,Manager,Research & Development,80
1307,Manager,Research & Development,80
1308,Research Scientist,Research & Development,80
1309,Laboratory Technician,Research & Development,80
1310,Research Scientist,Research & Development,80
1311,Laboratory Technician,Research & Development,80
1312,Healthcare Representative,Research & Development,80
1314,Human Resources,Human Resources,80
1315,Laboratory Technician,Research & Development,80
1317,Research Director,Research & Development,80
1318,Sales Executive,Sales,80
1319,Sales Executive,Sales,80
1321,Manager,Research & Development,80
1322,Manufacturing Director,Research & Development,80
1324,Sales Executive,Sales,80
1329,Sales Executive,Sales,80
1331,Sales Representative,Sales,80
1333,Laboratory Technician,Research & Development,80
1334,Manager,Research & Development,80
1336,Manager,Research & Development,80
1338,Manager,Human Resources,80
1340,Research Scientist,Research & Development,80
1344,Healthcare Representative,Research & Development,80
1346,Research Scientist,Research & Development,80
1349,Sales Executive,Sales,80
1350,Research Scientist,Research & Development,80
1352,Manager,Human Resources,80
1355,Sales Executive,Sales,80
1356,Sales Executive,Sales,80
1358,Laboratory Technician,Research & Development,80
1360,Manufacturing Director,Research & Development,80
1361,Laboratory Technician,Research & Development,80
1362,Sales Executive,Sales,80
1363,Manufacturing Director,Research & Development,80
1364,Sales Representative,Sales,80
1367,Manufacturing Director,Research & Development,80
1368,Laboratory Technician,Research & Development,80
1369,Laboratory Technician,Research & Development,80
1371,Sales Executive,Sales,80
1372,Sales Executive,Sales,80
1373,Manufacturing Director,Research & Development,80
1374,Research Scientist,Research & Development,80
1375,Healthcare Representative,Research & Development,80
1377,Laboratory Technician,Research & Development,80
1379,Sales Representative,Sales,80
1380,Sales Executive,Sales,80
1382,Research Scientist,Research & Development,80
1383,Healthcare Representative,Research & Development,80
1387,Sales Executive,Sales,80
1389,Manufacturing Director,Research & Development,80
1390,Sales Executive,Sales,80
1391,Sales Executive,Sales,80
1392,Research Scientist,Research & Development,80
1394,Research Scientist,Research & Development,80
1395,Sales Executive,Sales,80
1396,Sales Executive,Sales,80
1397,Healthcare Representative,Research & Development,80
1399,Sales Executive,Sales,80
1401,Manufacturing Director,Research & Development,80
1402,Research Scientist,Research & Development,80
1403,Sales Executive,Sales,80
1405,Research Scientist,Research & Development,80
1407,Research Scientist,Research & Development,80
1408,Manager,Human Resources,80
1409,Laboratory Technician,Research & Development,80
1411,Laboratory Technician,Research & Development,80
1412,Manufacturing Director,Research & Development,80
1415,Laboratory Technician,Research & Development,80
1417,Laboratory Technician,Research & Development,80
1419,Human Resources,Human Resources,80
1420,Laboratory Technician,Research & Development,80
1421,Healthcare Representative,Research & Development,80
1422,Research Director,Research & Development,80
1423,Research Director,Research & Development,80
1424,Research Director,Research & Development,80
1425,Sales Executive,Sales,80
1427,Sales Representative,Sales,80
1428,Sales Executive,Sales,80
1430,Research Director,Research & Development,80
1431,Research Scientist,Research & Development,80
1433,Research Scientist,Research & Development,80
1434,Laboratory Technician,Research & Development,80
1435,Laboratory Technician,Research & Development,80
1436,Sales Executive,Sales,80
1438,Research Scientist,Research & Development,80
1439,Sales Representative,Sales,80
1440,Laboratory Technician,Research & Development,80
1441,Research Scientist,Research & Development,80
1443,Research Director,Research & Development,80
1445,Sales Executive,Sales,80
1446,Sales Executive,Sales,80
1447,Laboratory Technician,Research & Development,80
1448,Research Scientist,Research & Development,80
1449,Laboratory Technician,Research & Development,80
1453,Sales Executive,Sales,80
1457,Sales Executive,Sales,80
1458,Laboratory Technician,Research & Development,80
1459,Manufacturing Director,Research & Development,80
1460,Healthcare Representative,Research & Development,80
1461,Human Resources,Human Resources,80
1464,Laboratory Technician,Research & Development,80
1465,Manufacturing Director,Research & Development,80
1466,Sales Executive,Sales,80
1467,Human Resources,Human Resources,80
1468,Research Director,Research & Development,80
1469,Sales Executive,Sales,80
1471,Laboratory Technician,Research & Development,80
1472,Research Director,Research & Development,80
1473,Healthcare Representative,Research & Development,80
1474,Research Scientist,Research & Development,80
1475,Research Scientist,Research & Development,80
1477,Sales Executive,Sales,80
1478,Sales Executive,Sales,80
1479,Sales Executive,Sales,80
1480,Laboratory Technician,Research & Development,80
1481,Sales Executive,Sales,80
1482,Research Scientist,Research & Development,80
1483,Research Scientist,Research & Development,80
1484,Healthcare Representative,Research & Development,80
1485,Research Director,Research & Development,80
1486,Sales Representative,Sales,80
1487,Sales Executive,Sales,80
1489,Sales Executive,Sales,80
1492,Sales Representative,Sales,80
1494,Laboratory Technician,Research & Development,80
1495,Sales Representative,Sales,80
1496,Manufacturing Director,Research & Development,80
1497,Sales Executive,Sales,80
1499,Human Resources,Human Resources,80
1501,Healthcare Representative,Research & Development,80
1502,Laboratory Technician,Research & Development,80
1503,Sales Executive,Sales,80
1504,Laboratory Technician,Research & Development,80
1506,Research Scientist,Research & Development,80
1507,Sales Executive,Sales,80
1509,Laboratory Technician,Research & Development,80
1513,Laboratory Technician,Research & Development,80
1514,Manufacturing Director,Research & Development,80
1515,Healthcare Representative,Research & Development,80
1516,Manager,Research & Development,80
1520,Manager,Research & Development,80
1522,Research Scientist,Research & Development,80
1523,Research Director,Research & Development,80
1525,Manufacturing Director,Research & Development,80
1527,Manager,Sales,80
1529,Healthcare Representative,Research & Development,80
1533,Laboratory Technician,Research & Development,80
1534,Laboratory Technician,Research & Development,80
1535,Sales Executive,Sales,80
1537,Research Scientist,Research & Development,80
1539,Research Director,Research & Development,80
1541,Sales Representative,Sales,80
1542,Laboratory Technician,Research & Development,80
1543,Research Scientist,Research & Development,80
1544,Healthcare Representative,Research & Development,80
1545,Manufacturing Director,Research & Development,80
1546,Research Scientist,Research & Development,80
1547,Healthcare Representative,Research & Development,80
1548,Sales Executive,Sales,80
1549,Laboratory Technician,Research & Development,80
1550,Manager,Human Resources,80
1551,Laboratory Technician,Research & Development,80
1552,Healthcare Representative,Research & Development,80
1553,Healthcare Representative,Research & Development,80
1554,Sales Representative,Sales,80
1555,Research Scientist,Research & Development,80
1556,Sales Representative,Sales,80
1557,Sales Executive,Sales,80
1558,Research Scientist,Research & Development,80
1560,Sales Executive,Sales,80
1562,Sales Executive,Sales,80
1563,Human Resources,Human Resources,80
1564,Laboratory Technician,Research & Development,80
1568,Sales Executive,Sales,80
1569,Laboratory Technician,Research & Development,80
1572,Manufacturing Director,Research & Development,80
1573,Manufacturing Director,Research & Development,80
1574,Research Scientist,Research & Development,80
1576,Research Scientist,Research & Development,80
1577,Research Scientist,Research & Development,80
1578,Manager,Sales,80
1580,Research Scientist,Research & Development,80
1581,Research Scientist,Research & Development,80
1582,Sales Executive,Sales,80
1583,Sales Executive,Sales,80
1585,Sales Executive,Sales,80
1586,Laboratory Technician,Research & Development,80
1587,Healthcare Representative,Research & Development,80
1588,Sales Executive,Sales,80
1590,Healthcare Representative,Research & Development,80
1591,Manager,Sales,80
1592,Research Scientist,Research & Development,80
1594,Laboratory Technician,Research & Development,80
1595,Manager,Research & Development,80
1596,Laboratory Technician,Research & Development,80
1597,Healthcare Representative,Research & Development,80
1598,Sales Executive,Sales,80
1599,Laboratory Technician,Research & Development,80
1601,Laboratory Technician,Research & Development,80
1602,Manager,Sales,80
1604,Laboratory Technician,Research & Development,80
1605,Research Scientist,Research & Development,80
1606,Healthcare Representative,Research & Development,80
1607,Research Scientist,Research & Development,80
1608,Research Director,Research & Development,80
1609,Research Scientist,Research & Development,80
1611,Laboratory Technician,Research & Development,80
1612,Sales Executive,Sales,80
1613,Sales Executive,Sales,80
1614,Manufacturing Director,Research & Development,80
1615,Manufacturing Director,Research & Development,80
1617,Laboratory Technician,Research & Development,80
1618,Manufacturing Director,Research & Development,80
1619,Laboratory Technician,Research & Development,80
1621,Research Scientist,Research & Development,80
1622,Manufacturing Director,Research & Development,80
1623,Research Scientist,Research & Development,80
1624,Sales Representative,Sales,80
1625,Manager,Human Resources,80
1627,Laboratory Technician,Research & Development,80
1628,Manufacturing Director,Research & Development,80
1630,Healthcare Representative,Research & Development,80
1631,Manufacturing Director,Research & Development,80
1633,Manufacturing Director,Research & Development,80
1635,Manufacturing Director,Research & Development,80
1638,Manufacturing Director,Research & Development,80
1639,Sales Executive,Sales,80
1640,Research Scientist,Research & Development,80
1641,Manufacturing Director,Research & Development,80
1642,Human Resources,Human Resources,80
1644,Manager,Research & Development,80
1645,Sales Executive,Sales,80
1646,Research Scientist,Research & Development,80
1647,Research Scientist,Research & Development,80
1648,Research Scientist,Research & Development,80
1649,Laboratory Technician,Research & Development,80
1650,Sales Executive,Sales,80
1651,Healthcare Representative,Research & Development,80
1653,Manufacturing Director,Research & Development,80
1654,Manufacturing Director,Research & Development,80
1655,Research Director,Research & Development,80
1656,Research Director,Research & Development,80
1657,Sales Representative,Sales,80
1658,Research Scientist,Research & Development,80
1659,Laboratory Technician,Research & Development,80
1661,Healthcare Representative,Research & Development,80
1662,Manufacturing Director,Research & Development,80
1664,Healthcare Representative,Research & Development,80
1665,Manager,Research & Development,80
1666,Research Director,Research & Development,80
1667,Sales Executive,Sales,80
1668,Research Scientist,Research & Development,80
1669,Sales Executive,Sales,80
1670,Sales Executive,Sales,80
1671,Research Scientist,Research & Development,80
1673,Sales Executive,Sales,80
1674,Laboratory Technician,Research & Development,80
1675,Laboratory Technician,Research & Development,80
1676,Manager,Sales,80
1677,Manager,Research & Development,80
1678,Sales Executive,Sales,80
1680,Sales Representative,Sales,80
1681,Sales Executive,Sales,80
1682,Healthcare Representative,Research & Development,80
1683,Human Resources,Human Resources,80
1684,Laboratory Technician,Research & Development,80
1687,Laboratory Technician,Research & Development,80
1689,Healthcare Representative,Research & Development,80
1691,Sales Representative,Sales,80
1692,Laboratory Technician,Research & Development,80
1693,Laboratory Technician,Research & Development,80
1694,Research Scientist,Research & Development,80
1696,Laboratory Technician,Research & Development,80
1697,Healthcare Representative,Research & Development,80
1698,Laboratory Technician,Research & Development,80
1700,Sales Executive,Sales,80
1701,Research Scientist,Research & Development,80
1702,Sales Representative,Sales,80
1703,Healthcare Representative,Research & Development,80
1704,Research Scientist,Research & Development,80
1706,Sales Executive,Sales,80
1707,Research Scientist,Research & Development,80
1708,Sales Executive,Sales,80
1709,Laboratory Technician,Research & Development,80
1710,Sales Representative,Sales,80
1712,Healthcare Representative,Research & Development,80
1714,Human Resources,Human Resources,80
1716,Sales Executive,Sales,80
1718,Laboratory Technician,Research & Development,80
1719,Research Director,Research & Development,80
1720,Research Scientist,Research & Development,80
1721,Laboratory Technician,Research & Development,80
1722,Human Resources,Human Resources,80
1724,Manufacturing Director,Research & Development,80
1725,Laboratory Technician,Research & Development,80
1727,Healthcare Representative,Research & Development,80
1728,Manufacturing Director,Research & Development,80
1729,Research Scientist,Research & Development,80
1731,Sales Executive,Sales,80
1732,Sales Executive,Sales,80
1733,Sales Executive,Sales,80
1734,Sales Executive,Sales,80
1735,Laboratory Technician,Research & Development,80
1736,Manufacturing Director,Research & Development,80
1737,Laboratory Technician,Research & Development,80
1739,Sales Executive,Sales,80
1740,Manager,Sales,80
1744,Human Resources,Human Resources,80
1745,Research Scientist,Research & Development,80
1746,Human Resources,Human Resources,80
1747,Human Resources,Human Resources,80
1749,Sales Executive,Sales,80
1751,Research Scientist,Research & Development,80
1752,Sales Representative,Sales,80
1753,Healthcare Representative,Research & Development,80
1754,Sales Executive,Sales,80
1755,Research Scientist,Research & Development,80
1756,Sales Executive,Sales,80
1757,Sales Executive,Sales,80
1758,Sales Executive,Sales,80
1760,Laboratory Technician,Research & Development,80
1761,Sales Executive,Sales,80
1762,Research Scientist,Research & Development,80
1763,Healthcare Representative,Research & Development,80
1764,Research Scientist,Research & Development,80
1766,Healthcare Representative,Research & Development,80
1767,Research Scientist,Research & Development,80
1768,Laboratory Technician,Research & Development,80
1770,Research Director,Research & Development,80
1771,Research Scientist,Research & Development,80
1772,Laboratory Technician,Research & Development,80
1774,Sales Executive,Sales,80
1775,Manufacturing Director,Research & Development,80
1778,Human Resources,Human Resources,80
1779,Sales Executive,Sales,80
1780,Sales Representative,Sales,80
1782,Laboratory Technician,Research & Development,80
1783,Laboratory Technician,Research & Development,80
1784,Sales Executive,Sales,80
1786,Manager,Research & Development,80
1787,Sales Executive,Sales,80
1789,Research Director,Research & Development,80
1790,Healthcare Representative,Research & Development,80
1792,Research Scientist,Research & Development,80
1794,Human Resources,Human Resources,80
1797,Sales Executive,Sales,80
1798,Research Scientist,Research & Development,80
1799,Research Scientist,Research & Development,80
1800,Research Director,Research & Development,80
1801,Sales Executive,Sales,80
1802,Laboratory Technician,Research & Development,80
1803,Healthcare Representative,Research & Development,80
1804,Manufacturing Director,Research & Development,80
1805,Human Resources,Human Resources,80
1807,Laboratory Technician,Research & Development,80
1809,Manufacturing Director,Research & Development,80
1812,Sales Executive,Sales,80
1813,Research Scientist,Research & Development,80
1814,Healthcare Representative,Research & Development,80
1815,Sales Executive,Sales,80
1816,Manufacturing Director,Research & Development,80
1818,Human Resources,Human Resources,80
1821,Healthcare Representative,Research & Development,80
1822,Healthcare Representative,Research & Development,80
1823,Sales Executive,Sales,80
1824,Manager,Sales,80
1826,Laboratory Technician,Research & Development,80
1827,Manufacturing Director,Research & Development,80
1829,Healthcare Representative,Research & Development,80
1830,Research Scientist,Research & Development,80
1833,Sales Executive,Sales,80
1834,Research Scientist,Research & Development,80
1835,Sales Representative,Sales,80
1836,Sales Executive,Sales,80
1837,Research Director,Research & Development,80
1839,Research Scientist,Research & Development,80
1842,Human Resources,Human Resources,80
1844,Human Resources,Human Resources,80
1845,Sales Executive,Sales,80
1847,Research Scientist,Research & Development,80
1849,Sales Executive,Sales,80
1850,Laboratory Technician,Research & Development,80
1852,Laboratory Technician,Research & Development,80
1853,Sales Executive,Sales,80
1854,Research Scientist,Research & Development,80
1856,Laboratory Technician,Research & Development,80
1857,Manufacturing Director,Research & Development,80
1858,Human Resources,Human Resources,80
1859,Healthcare Representative,Research & Development,80
1860,Laboratory Technician,Research & Development,80
1862,Sales Executive,Sales,80
1863,Sales Executive,Sales,80
1864,Sales Representative,Sales,80
1865,Human Resources,Human Resources,80
1866,Manager,Research & Development,80
1867,Research Director,Research & Development,80
1868,Research Scientist,Research & Development,80
1869,Sales Executive,Sales,80
1870,Research Scientist,Research & Development,80
1871,Research Scientist,Research & Development,80
1873,Research Scientist,Research & Development,80
1875,Sales Representative,Sales,80
1876,Sales Representative,Sales,80
1878,Research Scientist,Research & Development,80
1880,Sales Executive,Sales,80
1881,Laboratory Technician,Research & Development,80
1882,Sales Executive,Sales,80
1883,Laboratory Technician,Research & Development,80
1885,Research Scientist,Research & Development,80
1886,Manufacturing Director,Research & Development,80
1888,Manufacturing Director,Research & Development,80
1890,Human Resources,Human Resources,80
1892,Manager,Research & Development,80
1893,Research Scientist,Research & Development,80
1898,Sales Executive,Sales,80
1900,Manager,Research & Development,80
1903,Healthcare Representative,Research & Development,80
1905,Research Scientist,Research & Development,80
1907,Laboratory Technician,Research & Development,80
1908,Sales Executive,Sales,80
1909,Sales Executive,Sales,80
1911,Research Director,Research & Development,80
1912,Sales Executive,Sales,80
1915,Sales Executive,Sales,80
1916,Laboratory Technician,Research & Development,80
1918,Laboratory Technician,Research & Development,80
1922,Healthcare Representative,Research & Development,80
1924,Sales Executive,Sales,80
1927,Sales Executive,Sales,80
1928,Sales Representative,Sales,80
1929,Sales Executive,Sales,80
1931,Research Scientist,Research & Development,80
1932,Research Scientist,Research & Development,80
1933,Sales Executive,Sales,80
1934,Research Scientist,Research & Development,80
1935,Sales Executive,Sales,80
1936,Manufacturing Director,Research & Development,80
1937,Research Scientist,Research & Development,80
1938,Manager,Sales,80
1939,Research Scientist,Research & Development,80
1940,Research Scientist,Research & Development,80
1941,Research Director,Research & Development,80
1943,Sales Executive,Sales,80
1944,Human Resources,Human Resources,80
1945,Sales Executive,Sales,80
1947,Research Scientist,Research & Development,80
1948,Research Scientist,Research & Development,80
1949,Laboratory Technician,Research & Development,80
1950,Sales Executive,Sales,80
1951,Sales Executive,Sales,80
1952,Laboratory Technician,Research & Development,80
1954,Healthcare Representative,Research & Development,80
1955,Healthcare Representative,Research & Development,80
1956,Research Scientist,Research & Development,80
1960,Laboratory Technician,Research & Development,80
1961,Sales Representative,Sales,80
1962,Sales Executive,Sales,80
1965,Sales Executive,Sales,80
1966,Manufacturing Director,Research & Development,80
1967,Sales Executive,Sales,80
1968,Sales Executive,Sales,80
1969,Research Scientist,Research & Development,80
1970,Healthcare Representative,Research & Development,80
1971,Healthcare Representative,Research & Development,80
1972,Human Resources,Human Resources,80
1973,Manager,Human Resources,80
1974,Laboratory Technician,Research & Development,80
1975,Sales Executive,Sales,80
1976,Research Scientist,Research & Development,80
1979,Research Director,Research & Development,80
1980,Manufacturing Director,Research & Development,80
1981,Healthcare Representative,Research & Development,80
1982,Laboratory Technician,Research & Development,80
1985,Laboratory Technician,Research & Development,80
1986,Sales Executive,Sales,80
1987,Human Resources,Human Resources,80
1989,Laboratory Technician,Research & Development,80
1992,Laboratory Technician,Research & Development,80
1993,Healthcare Representative,Research & Development,80
1994,Laboratory Technician,Research & Development,80
1995,Sales Executive,Sales,80
1996,Sales Representative,Sales,80
1997,Manufacturing Director,Research & Development,80
1998,Research Scientist,Research & Development,80
1999,Research Scientist,Research & Development,80
2000,Research Director,Research & Development,80
2003,Laboratory Technician,Research & Development,80
2007,Research Scientist,Research & Development,80
2008,Research Scientist,Research & Development,80
2009,Healthcare Representative,Research & Development,80
2010,Laboratory Technician,Research & Development,80
2012,Laboratory Technician,Research & Development,80
2013,Sales Representative,Sales,80
2014,Research Scientist,Research & Development,80
2015,Research Director,Research & Development,80
2016,Sales Executive,Sales,80
2017,Research Director,Research & Development,80
2018,Sales Executive,Sales,80
2019,Sales Representative,Sales,80
2020,Research Scientist,Research & Development,80
2021,Sales Representative,Sales,80
2022,Manager,Research & Development,80
2023,Sales Representative,Sales,80
2024,Sales Executive,Sales,80
2025,Manufacturing Director,Research & Development,80
2026,Healthcare Representative,Research & Development,80
2027,Research Scientist,Research & Development,80
2031,Manager,Research & Development,80
2032,Laboratory Technician,Research & Development,80
2034,Manufacturing Director,Research & Development,80
2035,Sales Executive,Sales,80
2036,Sales Executive,Sales,80
2037,Sales Executive,Sales,80
2038,Research Scientist,Research & Development,80
2040,Human Resources,Human Resources,80
2041,Sales Executive,Sales,80
2044,Sales Executive,Sales,80
2045,Sales Executive,Sales,80
2046,Sales Executive,Sales,80
2048,Research Scientist,Research & Development,80
2049,Healthcare Representative,Research & Development,80
2051,Research Scientist,Research & Development,80
2052,Research Scientist,Research & Development,80
2053,Laboratory Technician,Research & Development,80
2054,Research Scientist,Research & Development,80
2055,Sales Executive,Sales,80
2056,Sales Executive,Sales,80
2057,Manufacturing Director,Research & Development,80
2060,Sales Representative,Sales,80
2061,Laboratory Technician,Research & Development,80
2062,Healthcare Representative,Research & Development,80
2064,Manufacturing Director,Research & Development,80
2065,Sales Executive,Sales,80
2068,Laboratory Technician,Research & Development,80
